Id;Fraktion
GregorGysi;Fraktion DIE LINKE.
HueppeMdB;Fraktion der Christlich Demokratischen Union/Christlich - Sozialen Union
groehe;Fraktion der Christlich Demokratischen Union/Christlich - Sozialen Union
ArminLaschet;Fraktion der Christlich Demokratischen Union/Christlich - Sozialen Union
SteffiLemke;Fraktion BÜNDNIS 90/DIE GRÜNEN
meister_schafft;Fraktion der Christlich Demokratischen Union/Christlich - Sozialen Union
_friedrichmerz;Fraktion der Christlich Demokratischen Union/Christlich - Sozialen Union
cem_oezdemir;Fraktion BÜNDNIS 90/DIE GRÜNEN
_thomasrachel;Fraktion der Christlich Demokratischen Union/Christlich - Sozialen Union
n_roettgen;Fraktion der Christlich Demokratischen Union/Christlich - Sozialen Union
DietmarBartsch;Fraktion DIE LINKE.
ekindeligoez;Fraktion BÜNDNIS 90/DIE GRÜNEN
HPFriedrichCSU;Fraktion der Christlich Demokratischen Union/Christlich - Sozialen Union
GoeringEckardt;Fraktion BÜNDNIS 90/DIE GRÜNEN
hubertus_heil;Fraktion der Sozialdemokratischen Partei Deutschlands
PetraPauMaHe;Fraktion DIE LINKE.
MiRo_SPD;Fraktion der Sozialdemokratischen Partei Deutschlands
schneidercar;Fraktion der Sozialdemokratischen Partei Deutschlands
OlafScholz;Fraktion der Sozialdemokratischen Partei Deutschlands
JTrittin;Fraktion BÜNDNIS 90/DIE GRÜNEN
AWidmannMauz;Fraktion der Christlich Demokratischen Union/Christlich - Sozialen Union
KerstinGriese;Fraktion der Sozialdemokratischen Partei Deutschlands
HBraun;Fraktion der Christlich Demokratischen Union/Christlich - Sozialen Union
gitta_connemann;Fraktion der Christlich Demokratischen Union/Christlich - Sozialen Union
Otto_Fricke;Fraktion der Freien Demokratischen Partei
MGrosseBroemer;Fraktion der Christlich Demokratischen Union/Christlich - Sozialen Union
GruebelMdb;Fraktion der Christlich Demokratischen Union/Christlich - Sozialen Union
olavgutting;Fraktion der Christlich Demokratischen Union/Christlich - Sozialen Union
MichaelHennric2;Fraktion der Christlich Demokratischen Union/Christlich - Sozialen Union
JuliaKloeckner;Fraktion der Christlich Demokratischen Union/Christlich - Sozialen Union
GuntherKrichba3;Fraktion der Christlich Demokratischen Union/Christlich - Sozialen Union
guenterkrings;Fraktion der Christlich Demokratischen Union/Christlich - Sozialen Union
RenateKuenast;Fraktion BÜNDNIS 90/DIE GRÜNEN
markuskurthmdb;Fraktion BÜNDNIS 90/DIE GRÜNEN
LoetzschMdB;Fraktion DIE LINKE.
AnnaLuehrmann;Fraktion BÜNDNIS 90/DIE GRÜNEN
DoroBaer;Fraktion der Christlich Demokratischen Union/Christlich - Sozialen Union
StephanMayerCSU;Fraktion der Christlich Demokratischen Union/Christlich - Sozialen Union
smuellermdb;Fraktion der Christlich Demokratischen Union/Christlich - Sozialen Union
DaniLudwigMdB;Fraktion der Christlich Demokratischen Union/Christlich - Sozialen Union
andreasscheuer;Fraktion der Christlich Demokratischen Union/Christlich - Sozialen Union
SilberhornMdB;Fraktion der Christlich Demokratischen Union/Christlich - Sozialen Union
jensspahn;Fraktion der Christlich Demokratischen Union/Christlich - Sozialen Union
CvStetten;Fraktion der Christlich Demokratischen Union/Christlich - Sozialen Union
gero_storjohann;Fraktion der Christlich Demokratischen Union/Christlich - Sozialen Union
AntjeTillmann;Fraktion der Christlich Demokratischen Union/Christlich - Sozialen Union
wanderwitz;Fraktion der Christlich Demokratischen Union/Christlich - Sozialen Union
Wissing;Fraktion der Freien Demokratischen Partei
BaerbelKofler;Fraktion der Sozialdemokratischen Partei Deutschlands
larsklingbeil;Fraktion der Sozialdemokratischen Partei Deutschlands
NielsAnnen;Fraktion der Sozialdemokratischen Partei Deutschlands
Thomas_Bareiss;Fraktion der Christlich Demokratischen Union/Christlich - Sozialen Union
SevimDagdelen;Fraktion DIE LINKE.
ernst_klaus;Fraktion DIE LINKE.
KaiGehring;Fraktion BÜNDNIS 90/DIE GRÜNEN
BriHasselmann;Fraktion BÜNDNIS 90/DIE GRÜNEN
josip_juratovic;Fraktion der Sozialdemokratischen Partei Deutschlands
katjakipping;Fraktion DIE LINKE.
jankortemdb;Fraktion DIE LINKE.
Karl_Lauterbach;Fraktion der Sozialdemokratischen Partei Deutschlands
michael_g_link;Fraktion der Freien Demokratischen Partei
KatjaMast;Fraktion der Sozialdemokratischen Partei Deutschlands
MuellerChemnitz;Fraktion der Sozialdemokratischen Partei Deutschlands
HenningOtteMdB;Fraktion der Christlich Demokratischen Union/Christlich - Sozialen Union
SoenkeRix;Fraktion der Sozialdemokratischen Partei Deutschlands
f_schaeffler;Fraktion der Freien Demokratischen Partei
m_schieder;Fraktion der Sozialdemokratischen Partei Deutschlands
FrankSchwabe;Fraktion der Sozialdemokratischen Partei Deutschlands
rischwasu;Fraktion der Sozialdemokratischen Partei Deutschlands
Petra_Sitte_MdB;Fraktion DIE LINKE.
florian_toncar;Fraktion der Freien Demokratischen Partei
ElisabethWinke4;Fraktion der Christlich Demokratischen Union/Christlich - Sozialen Union
nouripour;Fraktion BÜNDNIS 90/DIE GRÜNEN
W_SK;Fraktion BÜNDNIS 90/DIE GRÜNEN
ChristianHirte;Fraktion der Christlich Demokratischen Union/Christlich - Sozialen Union
cad59;Fraktion der Freien Demokratischen Partei
PeterAumer;Fraktion der Christlich Demokratischen Union/Christlich - Sozialen Union
baerbelbas;Fraktion der Sozialdemokratischen Partei Deutschlands
Peter_Beyer;Fraktion der Christlich Demokratischen Union/Christlich - Sozialen Union
SteffenBilger;Fraktion der Christlich Demokratischen Union/Christlich - Sozialen Union
MWBirkwald;Fraktion DIE LINKE.
reinhardbrandl;Fraktion der Christlich Demokratischen Union/Christlich - Sozialen Union
HeikeBrehmerMdB;Fraktion der Christlich Demokratischen Union/Christlich - Sozialen Union
rbrinkhaus;Fraktion der Christlich Demokratischen Union/Christlich - Sozialen Union
MarcoBuschmann;Fraktion der Freien Demokratischen Partei
DjirSarai;Fraktion der Freien Demokratischen Partei
FrankeEdgar;Fraktion der Sozialdemokratischen Partei Deutschlands
MichaelFrieser;Fraktion der Christlich Demokratischen Union/Christlich - Sozialen Union
gadechens;Fraktion der Christlich Demokratischen Union/Christlich - Sozialen Union
thomasgebhart;Fraktion der Christlich Demokratischen Union/Christlich - Sozialen Union
NicoleGohlke;Fraktion DIE LINKE.
hahnflo;Fraktion der Christlich Demokratischen Union/Christlich - Sozialen Union
juergenhardt;Fraktion der Christlich Demokratischen Union/Christlich - Sozialen Union
MechthildHeil;Fraktion der Christlich Demokratischen Union/Christlich - Sozialen Union
ManuelHoeferlin;Fraktion der Freien Demokratischen Partei
AndrejHunko;Fraktion DIE LINKE.
tj_tweets;Fraktion der Christlich Demokratischen Union/Christlich - Sozialen Union
KaczmarekOliver;Fraktion der Sozialdemokratischen Partei Deutschlands
KatjaKeul;Fraktion BÜNDNIS 90/DIE GRÜNEN
RKiesewetter;Fraktion der Christlich Demokratischen Union/Christlich - Sozialen Union
sven_kindler;Fraktion BÜNDNIS 90/DIE GRÜNEN
MariaKlSchmeink;Fraktion BÜNDNIS 90/DIE GRÜNEN
axel_knoerig;Fraktion der Christlich Demokratischen Union/Christlich - Sozialen Union
PascalKober;Fraktion der Freien Demokratischen Partei
Oliver_Krischer;Fraktion BÜNDNIS 90/DIE GRÜNEN
UlrichLange;Fraktion der Christlich Demokratischen Union/Christlich - Sozialen Union
CarenLay;Fraktion DIE LINKE.
RLenkert;Fraktion DIE LINKE.
LFLindemann;Fraktion der Freien Demokratischen Partei
c_lindner;Fraktion der Freien Demokratischen Partei
JM_Luczak;Fraktion der Christlich Demokratischen Union/Christlich - Sozialen Union
OlliLuksic;Fraktion der Freien Demokratischen Partei
thlutze;Fraktion DIE LINKE.
agnieszka_mdb;Fraktion BÜNDNIS 90/DIE GRÜNEN
AMattfeldt;Fraktion der Christlich Demokratischen Union/Christlich - Sozialen Union
Conni_Moehring;Fraktion DIE LINKE.
NadineSchoen;Fraktion der Christlich Demokratischen Union/Christlich - Sozialen Union
GrueneBeate;Fraktion BÜNDNIS 90/DIE GRÜNEN
Ingrid_Nestle;Fraktion BÜNDNIS 90/DIE GRÜNEN
KonstantinNotz;Fraktion BÜNDNIS 90/DIE GRÜNEN
oezoguz;Fraktion der Sozialdemokratischen Partei Deutschlands
lisapaus;Fraktion BÜNDNIS 90/DIE GRÜNEN
TabeaRoessner;Fraktion BÜNDNIS 90/DIE GRÜNEN
Erwin_Rueddel;Fraktion der Christlich Demokratischen Union/Christlich - Sozialen Union
Pschnieder;Fraktion der Christlich Demokratischen Union/Christlich - Sozialen Union
s_schwartze;Fraktion der Sozialdemokratischen Partei Deutschlands
JudithSkudelny;Fraktion der Freien Demokratischen Partei
StephanThomae;Fraktion der Freien Demokratischen Partei
johannesvogel;Fraktion der Freien Demokratischen Partei
voglerk;Fraktion DIE LINKE.
JoWadephul;Fraktion der Christlich Demokratischen Union/Christlich - Sozialen Union
SWagenknecht;Fraktion DIE LINKE.
ebner_sha;Fraktion BÜNDNIS 90/DIE GRÜNEN
tobiaslindner;Fraktion BÜNDNIS 90/DIE GRÜNEN
TeamBeate;Fraktion BÜNDNIS 90/DIE GRÜNEN
MTodtenhausen;Fraktion der Freien Demokratischen Partei
HellmichMdB;Fraktion der Sozialdemokratischen Partei Deutschlands
reinholdmdb;Fraktion der Freien Demokratischen Partei
ABaerbock;Fraktion BÜNDNIS 90/DIE GRÜNEN
MdB_Ulrike_Bahr;Fraktion der Sozialdemokratischen Partei Deutschlands
fbrantner;Fraktion BÜNDNIS 90/DIE GRÜNEN
larscastellucci;Fraktion der Sozialdemokratischen Partei Deutschlands
BernhardDaldrup;Fraktion der Sozialdemokratischen Partei Deutschlands
KarambaDiaby;Fraktion der Sozialdemokratischen Partei Deutschlands
dittmarsabine;Fraktion der Sozialdemokratischen Partei Deutschlands
katdro;Fraktion BÜNDNIS 90/DIE GRÜNEN
Hansjoerg_Durz;Fraktion der Christlich Demokratischen Union/Christlich - Sozialen Union
EskenSaskia;Fraktion der Sozialdemokratischen Partei Deutschlands
thorsten_frei;Fraktion der Christlich Demokratischen Union/Christlich - Sozialen Union
MatthiasGastel;Fraktion BÜNDNIS 90/DIE GRÜNEN
UliGroetsch;Fraktion der Sozialdemokratischen Partei Deutschlands
FGuentzler;Fraktion der Christlich Demokratischen Union/Christlich - Sozialen Union
ChristianHaase6;Fraktion der Christlich Demokratischen Union/Christlich - Sozialen Union
RitaHaglKehl;Fraktion der Sozialdemokratischen Partei Deutschlands
MetinHakverdi;Fraktion der Sozialdemokratischen Partei Deutschlands
sebast_hartmann;Fraktion der Sozialdemokratischen Partei Deutschlands
MatthiasHauer;Fraktion der Christlich Demokratischen Union/Christlich - Sozialen Union
StHeck;Fraktion der Christlich Demokratischen Union/Christlich - Sozialen Union
GaHeinrich;Fraktion der Sozialdemokratischen Partei Deutschlands
ThomasHitschler;Fraktion der Sozialdemokratischen Partei Deutschlands
Hoffmann_MdB;Fraktion der Christlich Demokratischen Union/Christlich - Sozialen Union
DJanecek;Fraktion BÜNDNIS 90/DIE GRÜNEN
jungeinberlin;Fraktion der Sozialdemokratischen Partei Deutschlands
AnjaKarliczek;Fraktion der Christlich Demokratischen Union/Christlich - Sozialen Union
GabyKatzmarek;Fraktion der Sozialdemokratischen Partei Deutschlands
CanselK;Fraktion der Sozialdemokratischen Partei Deutschlands
CarstenKoerber;Fraktion der Christlich Demokratischen Union/Christlich - Sozialen Union
ChrisKuehn_mdb;Fraktion BÜNDNIS 90/DIE GRÜNEN
SilkeLaunert;Fraktion der Christlich Demokratischen Union/Christlich - Sozialen Union
KLeikert;Fraktion der Christlich Demokratischen Union/Christlich - Sozialen Union
DerLenzMdB;Fraktion der Christlich Demokratischen Union/Christlich - Sozialen Union
AndreaLindholz;Fraktion der Christlich Demokratischen Union/Christlich - Sozialen Union
YvonneMagwas;Fraktion der Christlich Demokratischen Union/Christlich - Sozialen Union
IreneMihalic;Fraktion BÜNDNIS 90/DIE GRÜNEN
BetMueller;Fraktion der Sozialdemokratischen Partei Deutschlands
Mi_Muentefering;Fraktion der Sozialdemokratischen Partei Deutschlands
Florian_Ossner;Fraktion der Christlich Demokratischen Union/Christlich - Sozialen Union
oezdemir_spd;Fraktion der Sozialdemokratischen Partei Deutschlands
Achim_P;Fraktion der Sozialdemokratischen Partei Deutschlands
AlexanderRadwan;Fraktion der Christlich Demokratischen Union/Christlich - Sozialen Union
AloisRainer;Fraktion der Christlich Demokratischen Union/Christlich - Sozialen Union
MartinaRenner;Fraktion DIE LINKE.
Andreas_Rimkus;Fraktion der Sozialdemokratischen Partei Deutschlands
MartinRosemann;Fraktion der Sozialdemokratischen Partei Deutschlands
crueffer;Fraktion BÜNDNIS 90/DIE GRÜNEN
Johann_Saathoff;Fraktion der Sozialdemokratischen Partei Deutschlands
ulle_schauws;Fraktion BÜNDNIS 90/DIE GRÜNEN
NinaScheer_SPD;Fraktion der Sozialdemokratischen Partei Deutschlands
JanaSchimke;Fraktion der Christlich Demokratischen Union/Christlich - Sozialen Union
dieschmidt;Fraktion der Sozialdemokratischen Partei Deutschlands
K_SA;Fraktion BÜNDNIS 90/DIE GRÜNEN
Schwarz_MdB;Fraktion der Sozialdemokratischen Partei Deutschlands
TinoSorge;Fraktion der Christlich Demokratischen Union/Christlich - Sozialen Union
stadler_svenja;Fraktion der Sozialdemokratischen Partei Deutschlands
stamm_fibich;Fraktion der Sozialdemokratischen Partei Deutschlands
StefingerMdB;Fraktion der Christlich Demokratischen Union/Christlich - Sozialen Union
StegemannAlbert;Fraktion der Christlich Demokratischen Union/Christlich - Sozialen Union
JoSteiniger;Fraktion der Christlich Demokratischen Union/Christlich - Sozialen Union
michael_thews;Fraktion der Sozialdemokratischen Partei Deutschlands
CarstenTraeger;Fraktion der Sozialdemokratischen Partei Deutschlands
VolkerUllrich;Fraktion der Christlich Demokratischen Union/Christlich - Sozialen Union
julia_verlinden;Fraktion BÜNDNIS 90/DIE GRÜNEN
ninawarken;Fraktion der Christlich Demokratischen Union/Christlich - Sozialen Union
anjaweisgerber;Fraktion der Christlich Demokratischen Union/Christlich - Sozialen Union
BerndWestphal4;Fraktion der Sozialdemokratischen Partei Deutschlands
Kai_Whittaker;Fraktion der Christlich Demokratischen Union/Christlich - Sozialen Union
DirkWieseSPD;Fraktion der Sozialdemokratischen Partei Deutschlands
zierke;Fraktion der Sozialdemokratischen Partei Deutschlands
JensZSPD;Fraktion der Sozialdemokratischen Partei Deutschlands
CPetryMdB;Fraktion der Sozialdemokratischen Partei Deutschlands
A_Gloeckner;Fraktion der Sozialdemokratischen Partei Deutschlands
RonjaKemmer;Fraktion der Christlich Demokratischen Union/Christlich - Sozialen Union
RyglewskiS;Fraktion der Sozialdemokratischen Partei Deutschlands
juergencosse;Fraktion der Sozialdemokratischen Partei Deutschlands
uhl_markus;Fraktion der Christlich Demokratischen Union/Christlich - Sozialen Union
AkbulutGokay;Fraktion DIE LINKE.
RenataAlt_MdB;Fraktion der Freien Demokratischen Partei
badulrichmartha;Fraktion BÜNDNIS 90/DIE GRÜNEN
nicole_ae_bauer;Fraktion der Freien Demokratischen Partei
BerndBaumannAfD;Alternative für Deutschland
LieblingXhain;Fraktion BÜNDNIS 90/DIE GRÜNEN
jensbeeck;Fraktion der Freien Demokratischen Partei
olafinderbeek;Fraktion der Freien Demokratischen Partei
MarcBernhardAfD;Alternative für Deutschland
MBiadaczMdB;Fraktion der Christlich Demokratischen Union/Christlich - Sozialen Union
andreasbleckmdb;Alternative für Deutschland
PeterBoehringer;Alternative für Deutschland
JBrandenburgFDP;Fraktion der Freien Demokratischen Partei
BraFDP;Fraktion der Freien Demokratischen Partei
StBrandner;Alternative für Deutschland
JuergenBraunAfD;Alternative für Deutschland
BreherSilvia;Fraktion der Christlich Demokratischen Union/Christlich - Sozialen Union
Brehm_inNBGNord;Fraktion der Christlich Demokratischen Union/Christlich - Sozialen Union
LeniBreymaier;Fraktion der Sozialdemokratischen Partei Deutschlands
Marcus_Buehl;Alternative für Deutschland
busen_mdb;Fraktion der Freien Demokratischen Partei
PetrBystronAfD;Alternative für Deutschland
annachristmann;Fraktion BÜNDNIS 90/DIE GRÜNEN
Tino_Chrupalla;Alternative für Deutschland
JoanaCotar;Alternative für Deutschland
cjcronenberg;Fraktion der Freien Demokratischen Partei
GottfriedCurio;Alternative für Deutschland
anked;Fraktion DIE LINKE.
christianduerr;Fraktion der Freien Demokratischen Partei
Thomas_Ehrhorn;Alternative für Deutschland
TErndl;Fraktion der Christlich Demokratischen Union/Christlich - Sozialen Union
wiebkeesdar1;Fraktion der Sozialdemokratischen Partei Deutschlands
DrMEspendiller;Alternative für Deutschland
MarcusFaber;Fraktion der Freien Demokratischen Partei
FahimiYasmin;Fraktion der Sozialdemokratischen Partei Deutschlands
PeterFelser;Alternative für Deutschland
SusanneFerschl;Fraktion DIE LINKE.
DFoest;Fraktion der Freien Demokratischen Partei
dietmarfriedho1;Alternative für Deutschland
Frohnmaier_AfD;Alternative für Deutschland
GtzFrmming;Alternative für Deutschland
StefanGelbhaar;Fraktion BÜNDNIS 90/DIE GRÜNEN
GlaserMdb;Alternative für Deutschland
KayGottschalk1;Alternative für Deutschland
Timon_Gremmels;Fraktion der Sozialdemokratischen Partei Deutschlands
Erhard_Grundl;Fraktion BÜNDNIS 90/DIE GRÜNEN
hacker_fdp;Fraktion der Freien Demokratischen Partei
M_HarderKuehnel;Alternative für Deutschland
ThomasHeilmann;Fraktion der Christlich Demokratischen Union/Christlich - Sozialen Union
KatrinHelling;Fraktion der Freien Demokratischen Partei
MarcHenrichmann;Fraktion der Christlich Demokratischen Union/Christlich - Sozialen Union
HerbrandMarkus;Fraktion der Freien Demokratischen Partei
torstenherbst;Fraktion der Freien Demokratischen Partei
Martin_Hess_AfD;Alternative für Deutschland
fdp_hessel;Fraktion der Freien Demokratischen Partei
HilseMdb;Alternative für Deutschland
Nicole_Hoechst;Alternative für Deutschland
GeroHocker;Fraktion der Freien Demokratischen Partei
bhoffmann_mdb;Fraktion BÜNDNIS 90/DIE GRÜNEN
HoffmannForest;Fraktion der Freien Demokratischen Partei
Leif_Erik_Holm;Alternative für Deutschland
HoubenReinhard;Fraktion der Freien Demokratischen Partei
Marc_Jongen;Alternative für Deutschland
Ingmar_Jung;Fraktion der Christlich Demokratischen Union/Christlich - Sozialen Union
Kaiser_SPD;Fraktion der Sozialdemokratischen Partei Deutschlands
KirstenKappert;Fraktion BÜNDNIS 90/DIE GRÜNEN
StefanKeuterAfD;Alternative für Deutschland
Kiessling_MdB;Fraktion der Christlich Demokratischen Union/Christlich - Sozialen Union
MdBKlein;Fraktion der Freien Demokratischen Partei
NKleinwaechter;Alternative für Deutschland
DanielaKluckert;Fraktion der Freien Demokratischen Partei
koehler_fdp;Fraktion der Freien Demokratischen Partei
EnricoKomning;Alternative für Deutschland
carina_konrad;Fraktion der Freien Demokratischen Partei
SteffenKotre;Alternative für Deutschland
Dr_Rainer_Kraft;Alternative für Deutschland
KonstantinKuhle;Fraktion der Freien Demokratischen Partei
Lambsdorff;Fraktion der Freien Demokratischen Partei
ulrichlechte;Fraktion der Freien Demokratischen Partei
svenlehmann;Fraktion BÜNDNIS 90/DIE GRÜNEN
helgelindh;Fraktion der Sozialdemokratischen Partei Deutschlands
MdB_Lucassen;Alternative für Deutschland
HeikoMaas;Fraktion der Sozialdemokratischen Partei Deutschlands
TillMansmann;Fraktion der Freien Demokratischen Partei
pascalmeiser;Fraktion DIE LINKE.
Meyer_FDP;Fraktion der Freien Demokratischen Partei
CorinnaMiazga;Alternative für Deutschland
Amira_M_Ali;Fraktion DIE LINKE.
FalkoMohrs;Fraktion der Sozialdemokratischen Partei Deutschlands
ClaudiaMollMdB;Fraktion der Sozialdemokratischen Partei Deutschlands
SiemtjeMdB;Fraktion der Sozialdemokratischen Partei Deutschlands
alexmuellerfdp;Fraktion der Freien Demokratischen Partei
GruenClaudia;Fraktion BÜNDNIS 90/DIE GRÜNEN
mueller_sepp;Fraktion der Christlich Demokratischen Union/Christlich - Sozialen Union
theliberalfrank;Fraktion der Freien Demokratischen Partei
S_Muenzenmaier;Alternative für Deutschland
ZaklinNastic;Fraktion DIE LINKE.
Jan_Nolte_AfD;Alternative für Deutschland
josephineortleb;Fraktion der Sozialdemokratischen Partei Deutschlands
josefoster;Fraktion der Christlich Demokratischen Union/Christlich - Sozialen Union
Gerold_Otten;Alternative für Deutschland
LINKEPELLI;Fraktion DIE LINKE.
victorperli;Fraktion DIE LINKE.
TobiasMPeterka;Alternative für Deutschland
StephPilsinger;Fraktion der Christlich Demokratischen Union/Christlich - Sozialen Union
christophploss;Fraktion der Christlich Demokratischen Union/Christlich - Sozialen Union
Pohl_MdB;Alternative für Deutschland
filizgreen;Fraktion BÜNDNIS 90/DIE GRÜNEN
AfDProtschka;Alternative für Deutschland
M_Reichardt_AfD;Alternative für Deutschland
Renner_AfD;Alternative für Deutschland
reuther_bernd;Fraktion der Freien Demokratischen Partei
b_riexinger;Fraktion DIE LINKE.
ManuelaRottman;Fraktion BÜNDNIS 90/DIE GRÜNEN
StefanRouenhoff;Fraktion der Christlich Demokratischen Union/Christlich - Sozialen Union
th_sattelberger;Fraktion der Freien Demokratischen Partei
Chr_Sauter;Fraktion der Freien Demokratischen Partei
ulschzi;Alternative für Deutschland
NilsSchmid;Fraktion der Sozialdemokratischen Partei Deutschlands
Schmidt_MdB;Fraktion BÜNDNIS 90/DIE GRÜNEN
Schneider_AfD;Alternative für Deutschland
jschraps;Fraktion der Sozialdemokratischen Partei Deutschlands
felixschreiner;Fraktion der Christlich Demokratischen Union/Christlich - Sozialen Union
mischrodi;Fraktion der Sozialdemokratischen Partei Deutschlands
Uwe_Schulz_AfD;Alternative für Deutschland
mseesternpauly;Fraktion der Freien Demokratischen Partei
Th_Seitz_AfD;Alternative für Deutschland
Martin_Sichert;Alternative für Deutschland
BjoernSimon;Fraktion der Christlich Demokratischen Union/Christlich - Sozialen Union
DirkSpaniel;Alternative für Deutschland
Rene_Springer;Alternative für Deutschland
katrin_staffler;Fraktion der Christlich Demokratischen Union/Christlich - Sozialen Union
starkwatzinger;Fraktion der Freien Demokratischen Partei
stonie_kiel;Fraktion der Sozialdemokratischen Partei Deutschlands
Beatrix_vStorch;Alternative für Deutschland
MAStrackZi;Fraktion der Freien Demokratischen Partei
bstrasser;Fraktion der Freien Demokratischen Partei
jessica_tatti;Fraktion DIE LINKE.
LindaTeuteberg;Fraktion der Freien Demokratischen Partei
EUTheurer;Fraktion der Freien Demokratischen Partei
alexander_throm;Fraktion der Christlich Demokratischen Union/Christlich - Sozialen Union
UllmannMdB;Fraktion der Freien Demokratischen Partei
G_UllrichFDP;Fraktion der Freien Demokratischen Partei
Kerstin_4egge;Fraktion der Christlich Demokratischen Union/Christlich - Sozialen Union
VriesChristoph;Fraktion der Christlich Demokratischen Union/Christlich - Sozialen Union
sandra_weeser;Fraktion der Freien Demokratischen Partei
Alice_Weidel;Alternative für Deutschland
NicoleWestig;Fraktion der Freien Demokratischen Partei
h_weyel;Alternative für Deutschland
WolfgangWiehle;Alternative für Deutschland
ChrWirthMdB;Alternative für Deutschland
Witt_Uwe;Alternative für Deutschland
PaulZiemiak;Fraktion der Christlich Demokratischen Union/Christlich - Sozialen Union
GydeJ;Fraktion der Freien Demokratischen Partei
MarjaVoellers;Fraktion der Sozialdemokratischen Partei Deutschlands
PeterHeidtFDP;Fraktion der Freien Demokratischen Partei
IsabelMackensen;Fraktion der Sozialdemokratischen Partei Deutschlands
DrJoeWeingarten;Fraktion der Sozialdemokratischen Partei Deutschlands
LehmannSpd;Fraktion der Sozialdemokratischen Partei Deutschlands
Bubendorferfdp;Fraktion der Freien Demokratischen Partei
Doro_Martin;Fraktion der Sozialdemokratischen Partei Deutschlands
janoschdahmen;Fraktion BÜNDNIS 90/DIE GRÜNEN
herr_emmerich;Fraktion BÜNDNIS 90/DIE GRÜNEN
_sanaeabdi;Fraktion der Sozialdemokratischen Partei Deutschlands
Valentin_C_Abel;Fraktion der Freien Demokratischen Partei
Knut_Abraham;Fraktion der Christlich Demokratischen Union/Christlich - Sozialen Union
katjadler;Fraktion der Freien Demokratischen Partei
s_aeffner;Fraktion BÜNDNIS 90/DIE GRÜNEN
ReemAlabali;Fraktion der Sozialdemokratischen Partei Deutschlands
HalakMuhanad;Fraktion der Freien Demokratischen Partei
DagmarAndres;Fraktion der Sozialdemokratischen Partei Deutschlands
arlt_johannes;Fraktion der Sozialdemokratischen Partei Deutschlands
AnAudretsch;Fraktion BÜNDNIS 90/DIE GRÜNEN
maik_aussendorf;Fraktion BÜNDNIS 90/DIE GRÜNEN
TBBacherle;Fraktion BÜNDNIS 90/DIE GRÜNEN
baldy_daniel;Fraktion der Sozialdemokratischen Partei Deutschlands
fbanaszak;Fraktion BÜNDNIS 90/DIE GRÜNEN
karlbaer;Fraktion BÜNDNIS 90/DIE GRÜNEN
DrChristinaBaum;Alternative für Deutschland
kathabeck;Fraktion BÜNDNIS 90/DIE GRÜNEN
RogerBeckamp;Alternative für Deutschland
LukasBenner_;Fraktion BÜNDNIS 90/DIE GRÜNEN
BengtBergt;Fraktion der Sozialdemokratischen Partei Deutschlands
JakobBla;Fraktion der Sozialdemokratischen Partei Deutschlands
IngoBodtke;Fraktion der Freien Demokratischen Partei
f_boginski;Fraktion der Freien Demokratischen Partei
m_breilmann;Fraktion der Christlich Demokratischen Union/Christlich - Sozialen Union
therealmarlonb1;Fraktion der Christlich Demokratischen Union/Christlich - Sozialen Union
FBsirske;Fraktion BÜNDNIS 90/DIE GRÜNEN
YannickBury;Fraktion der Christlich Demokratischen Union/Christlich - Sozialen Union
isacademartori;Fraktion der Sozialdemokratischen Partei Deutschlands
MarioCzaja;Fraktion der Christlich Demokratischen Union/Christlich - Sozialen Union
HakanDemirNK;Fraktion der Sozialdemokratischen Partei Deutschlands
detzer_sandra;Fraktion BÜNDNIS 90/DIE GRÜNEN
MDiedenhofen;Fraktion der Sozialdemokratischen Partei Deutschlands
JanUlrichDieren;Fraktion der Sozialdemokratischen Partei Deutschlands
ThomasDietz_MdB;Alternative für Deutschland
DeborahDuering;Fraktion BÜNDNIS 90/DIE GRÜNEN
Leckert_;Fraktion BÜNDNIS 90/DIE GRÜNEN
sonjaeichwede;Fraktion der Sozialdemokratischen Partei Deutschlands
HERavensburg;Fraktion der Sozialdemokratischen Partei Deutschlands
robert_farle;Alternative für Deutschland
ArianeFaescher;Fraktion der Sozialdemokratischen Partei Deutschlands
emiliafester;Fraktion BÜNDNIS 90/DIE GRÜNEN
fiedelseb;Fraktion der Sozialdemokratischen Partei Deutschlands
funke_fabian;Fraktion der Sozialdemokratischen Partei Deutschlands
max_fksr;Fraktion der Freien Demokratischen Partei
schahinag;Fraktion BÜNDNIS 90/DIE GRÜNEN
GansGruen;Fraktion BÜNDNIS 90/DIE GRÜNEN
MartinGassner;Fraktion der Freien Demokratischen Partei
GeisslerJonas;Fraktion der Christlich Demokratischen Union/Christlich - Sozialen Union
JN_Gesenhues;Fraktion BÜNDNIS 90/DIE GRÜNEN
Hannes_Gnauck;Alternative für Deutschland
goerke_c;Fraktion DIE LINKE.
FabianGramling;Fraktion der Christlich Demokratischen Union/Christlich - Sozialen Union
inge_graessle;Fraktion der Christlich Demokratischen Union/Christlich - Sozialen Union
ArminGrau;Fraktion BÜNDNIS 90/DIE GRÜNEN
S_Gruetzmacher;Fraktion BÜNDNIS 90/DIE GRÜNEN
SerapGueler;Fraktion der Christlich Demokratischen Union/Christlich - Sozialen Union
AtesGuerpinar;Fraktion DIE LINKE.
philipphartewig;Fraktion der Freien Demokratischen Partei
HarzerUlrike;Fraktion der Freien Demokratischen Partei
FHeiligenstadt;Fraktion der Sozialdemokratischen Partei Deutschlands
linda_lobster;Fraktion BÜNDNIS 90/DIE GRÜNEN
MatthiasMdb;Fraktionslos
KathrinAnna;Fraktion BÜNDNIS 90/DIE GRÜNEN
AnkeHennigSPD;Fraktion der Sozialdemokratischen Partei Deutschlands
SusanneHennig;Fraktion DIE LINKE.
BHerrmann_;Fraktion BÜNDNIS 90/DIE GRÜNEN
NHeselhaus;Fraktion der Sozialdemokratischen Partei Deutschlands
HierlSusanne;Fraktion der Christlich Demokratischen Union/Christlich - Sozialen Union
Bruno_Hoenel;Fraktion BÜNDNIS 90/DIE GRÜNEN
FHoppermann;Fraktion der Christlich Demokratischen Union/Christlich - Sozialen Union
JasminaHostert;Fraktion der Sozialdemokratischen Partei Deutschlands
verenahubertz;Fraktion der Sozialdemokratischen Partei Deutschlands
GerritHuy;Alternative für Deutschland
avjurisch;Fraktion der Freien Demokratischen Partei
LamyaKaddor;Fraktion BÜNDNIS 90/DIE GRÜNEN
Macit_SPD;Fraktion der Sozialdemokratischen Partei Deutschlands
CarlosKasperMdB;Fraktion der Sozialdemokratischen Partei Deutschlands
annakassautzki;Fraktion der Sozialdemokratischen Partei Deutschlands
MalteKaufmann;Alternative für Deutschland
KaufmannAfD;Alternative für Deutschland
RainerKellerWES;Fraktion der Sozialdemokratischen Partei Deutschlands
MiKellner;Fraktion BÜNDNIS 90/DIE GRÜNEN
FKerstenMdB;Fraktion der Sozialdemokratischen Partei Deutschlands
Bina_Khan_;Fraktion BÜNDNIS 90/DIE GRÜNEN
helmut_kleebank;Fraktion der Sozialdemokratischen Partei Deutschlands
Ottilie_Klein;Fraktion der Christlich Demokratischen Union/Christlich - Sozialen Union
AnniKlose;Fraktion der Sozialdemokratischen Partei Deutschlands
AnneKoenig_;Fraktion der Christlich Demokratischen Union/Christlich - Sozialen Union
chantal_kopf;Fraktion BÜNDNIS 90/DIE GRÜNEN
SimonaMdB;Fraktion der Sozialdemokratischen Partei Deutschlands
laura_kraft_;Fraktion BÜNDNIS 90/DIE GRÜNEN
PhiKraemer;Fraktion BÜNDNIS 90/DIE GRÜNEN
krusehamburg;Fraktion der Freien Demokratischen Partei
TKuban96;Fraktion der Christlich Demokratischen Union/Christlich - Sozialen Union
KuehniKev;Fraktion der Sozialdemokratischen Partei Deutschlands
Ricarda_Lang;Fraktion BÜNDNIS 90/DIE GRÜNEN
andreaslarem;Fraktion der Sozialdemokratischen Partei Deutschlands
KLHohenlohe;Fraktion der Sozialdemokratischen Partei Deutschlands
JurgenLenders;Fraktion der Freien Demokratischen Partei
christian_leye;Fraktion DIE LINKE.
BodeLuiza;Fraktion der Sozialdemokratischen Partei Deutschlands
ThorstenLieb;Fraktion der Freien Demokratischen Partei
anja_liebert;Fraktion BÜNDNIS 90/DIE GRÜNEN
EsraLimbacher;Fraktion der Sozialdemokratischen Partei Deutschlands
Helge_Limburg;Fraktion BÜNDNIS 90/DIE GRÜNEN
denise_loop;Fraktion BÜNDNIS 90/DIE GRÜNEN
max_lucks;Fraktion BÜNDNIS 90/DIE GRÜNEN
BettinaLugk;Fraktion der Sozialdemokratischen Partei Deutschlands
kristine_lutke;Fraktion der Freien Demokratischen Partei
HolgerMannLE;Fraktion der Sozialdemokratischen Partei Deutschlands
El_KaWeh_;Fraktion der Sozialdemokratischen Partei Deutschlands
ZandaMartens;Fraktion der Sozialdemokratischen Partei Deutschlands
ParsaMarvi;Fraktion der Sozialdemokratischen Partei Deutschlands
f_mascheck;Fraktion der Sozialdemokratischen Partei Deutschlands
zoe_gruene;Fraktion BÜNDNIS 90/DIE GRÜNEN
VMayer_Lay;Fraktion der Christlich Demokratischen Union/Christlich - Sozialen Union
Mehli;Fraktion der Sozialdemokratischen Partei Deutschlands
TakisMehmetAli;Fraktion der Sozialdemokratischen Partei Deutschlands
AnikoMerten;Fraktion der Freien Demokratischen Partei
mesarosch;Fraktion der Sozialdemokratischen Partei Deutschlands
SwantjeMichael1;Fraktion BÜNDNIS 90/DIE GRÜNEN
Kthrn_Mchl_SPD;Fraktion der Sozialdemokratischen Partei Deutschlands
borismijatovic;Fraktion BÜNDNIS 90/DIE GRÜNEN
Mike_Moncsek;Alternative für Deutschland
maxmordhorst;Fraktion der Freien Demokratischen Partei
maxmoerseburg;Fraktion der Christlich Demokratischen Union/Christlich - Sozialen Union
FlorianMM;Fraktion der Christlich Demokratischen Union/Christlich - Sozialen Union
SaschaMuller;Fraktion BÜNDNIS 90/DIE GRÜNEN
SaraNanni;Fraktion BÜNDNIS 90/DIE GRÜNEN
rasha_nasr_;Fraktion der Sozialdemokratischen Partei Deutschlands
edgar_naujok;Alternative für Deutschland
OpheliaNick;Fraktion BÜNDNIS 90/DIE GRÜNEN
BrianNickholz;Fraktion der Sozialdemokratischen Partei Deutschlands
joergnurnberger;Fraktion der Sozialdemokratischen Partei Deutschlands
lennardoehl;Fraktion der Sozialdemokratischen Partei Deutschlands
MoritzOppelt;Fraktion der Christlich Demokratischen Union/Christlich - Sozialen Union
karo_otte;Fraktion BÜNDNIS 90/DIE GRÜNEN
J_Pahlke;Fraktion BÜNDNIS 90/DIE GRÜNEN
Dr_Pantazis;Fraktion der Sozialdemokratischen Partei Deutschlands
M_Papendieck;Fraktion der Sozialdemokratischen Partei Deutschlands
JensPeick;Fraktion der Sozialdemokratischen Partei Deutschlands
PaulaPiechotta;Fraktion BÜNDNIS 90/DIE GRÜNEN
JanPlobner;Fraktion der Sozialdemokratischen Partei Deutschlands
MartinPlumMdB;Fraktion der Christlich Demokratischen Union/Christlich - Sozialen Union
docredder;Fraktion der Freien Demokratischen Partei
HenningRehbaum;Fraktion der Christlich Demokratischen Union/Christlich - Sozialen Union
MarkusReichelDD;Fraktion der Christlich Demokratischen Union/Christlich - Sozialen Union
HeidiReichinnek;Fraktion DIE LINKE.
YeOne_Rhie;Fraktion der Sozialdemokratischen Partei Deutschlands
SebRoloff;Fraktion der Sozialdemokratischen Partei Deutschlands
jessi_rosenthal;Fraktion der Sozialdemokratischen Partei Deutschlands
TR_Bremen;Fraktion der Christlich Demokratischen Union/Christlich - Sozialen Union
jethoru;Fraktion der Sozialdemokratischen Partei Deutschlands
kassem_ts;Fraktion BÜNDNIS 90/DIE GRÜNEN
CatarinaDosSa;Fraktion der Christlich Demokratischen Union/Christlich - Sozialen Union
ingoschaeferspd;Fraktion der Sozialdemokratischen Partei Deutschlands
jamila_anna;Fraktion BÜNDNIS 90/DIE GRÜNEN
sebastian_es_;Fraktion BÜNDNIS 90/DIE GRÜNEN
Schattner_MdB;Alternative für Deutschland
schenderleinmdb;Fraktion der Christlich Demokratischen Union/Christlich - Sozialen Union
kratermensch;Fraktion der Sozialdemokratischen Partei Deutschlands
AfDrus;Alternative für Deutschland
jws_afd;Alternative für Deutschland
schneider_cux;Fraktion der Sozialdemokratischen Partei Deutschlands
lime_green_leni;Fraktion BÜNDNIS 90/DIE GRÜNEN
cj_schroeder;Fraktion BÜNDNIS 90/DIE GRÜNEN
ria_schroeder;Fraktion der Freien Demokratischen Partei
_anja_schulz;Fraktion der Freien Demokratischen Partei
SvenjaSchulze68;Fraktion der Sozialdemokratischen Partei Deutschlands
ArminSchwarz;Fraktion der Christlich Demokratischen Union/Christlich - Sozialen Union
stefan_seidler;Fraktionslos
StSeiter;Fraktion der Freien Demokratischen Partei
Lina_Seitzl;Fraktion der Sozialdemokratischen Partei Deutschlands
Melis_S;Fraktion BÜNDNIS 90/DIE GRÜNEN
RainerSemet;Fraktion der Freien Demokratischen Partei
nyke_slawik;Fraktion BÜNDNIS 90/DIE GRÜNEN
AnneSpallek;Fraktion BÜNDNIS 90/DIE GRÜNEN
spellerberg_m;Fraktion BÜNDNIS 90/DIE GRÜNEN
ninastahr;Fraktion BÜNDNIS 90/DIE GRÜNEN
till_steffen;Fraktion BÜNDNIS 90/DIE GRÜNEN
Ralf_Stegner;Fraktion der Sozialdemokratischen Partei Deutschlands
HanSteinmueller;Fraktion BÜNDNIS 90/DIE GRÜNEN
nadjasthamer;Fraktion der Sozialdemokratischen Partei Deutschlands
KonradStockmei1;Fraktion der Freien Demokratischen Partei
stuewer;Fraktion der Sozialdemokratischen Partei Deutschlands
AwetTesfaiesus;Fraktion BÜNDNIS 90/DIE GRÜNEN
jensteutrine;Fraktion der Freien Demokratischen Partei
NicoTippelt;Fraktion der Freien Demokratischen Partei
derya_tn;Fraktion der Sozialdemokratischen Partei Deutschlands
katrinuhligbn;Fraktion BÜNDNIS 90/DIE GRÜNEN
WagenerNiklas;Fraktion BÜNDNIS 90/DIE GRÜNEN
robinwagener;Fraktion BÜNDNIS 90/DIE GRÜNEN
yooHannes;Fraktion BÜNDNIS 90/DIE GRÜNEN
Krawallstein;Fraktion der Sozialdemokratischen Partei Deutschlands
HannesWalterSPD;Fraktion der Sozialdemokratischen Partei Deutschlands
CarmenWegge;Fraktion der Sozialdemokratischen Partei Deutschlands
SaskiaLeaRaquel;Fraktion BÜNDNIS 90/DIE GRÜNEN
StefWenzel;Fraktion BÜNDNIS 90/DIE GRÜNEN
thereallenzii;Fraktion der Sozialdemokratischen Partei Deutschlands
KlausWiener;Fraktion der Christlich Demokratischen Union/Christlich - Sozialen Union
TobiasWINKLER_;Fraktion der Christlich Demokratischen Union/Christlich - Sozialen Union
TinaWinklmann;Fraktion BÜNDNIS 90/DIE GRÜNEN
Janine_Wissler;Fraktion DIE LINKE.
MareikeWulf;Fraktion der Christlich Demokratischen Union/Christlich - Sozialen Union
JoachimWundrak;Alternative für Deutschland
KayUweZiegler71;Alternative für Deutschland
NZippelius;Fraktion der Christlich Demokratischen Union/Christlich - Sozialen Union
ArmandZorn;Fraktion der Sozialdemokratischen Partei Deutschlands
CRaffelhueschen;Fraktion der Freien Demokratischen Partei
C_AB_;Fraktion DIE LINKE.
Bundeskanzler;Fraktion der Sozialdemokratischen Partei Deutschlands
ABaerbockArchiv;Fraktion BÜNDNIS 90/DIE GRÜNEN
AnnalenaBaerbockAlias;Fraktion BÜNDNIS 90/DIE GRÜNEN
OlafScholzAlias;Fraktion der Sozialdemokratischen Partei Deutschland
