bundestag_id;nachname;vorname;wp;fraktion;twitter_handle;account_type
11000756;Gysi;Gregor;20;Fraktion DIE LINKE.;GregorGysi;person
11000975;Hüppe;Hubert;20;Fraktion der Christlich Demokratischen Union/Christlich - Sozialen Union;HueppeMdB;person
11001235;Kubicki;Wolfgang;20;Fraktion der Freien Demokratischen Partei;;person
11001772;Ramsauer;Peter;20;Fraktion der Christlich Demokratischen Union/Christlich - Sozialen Union;;person
11001938;Schäuble;Wolfgang;20;Fraktion der Christlich Demokratischen Union/Christlich - Sozialen Union;;person
11002666;Gröhe;Hermann;20;Fraktion der Christlich Demokratischen Union/Christlich - Sozialen Union;groehe;person
11002667;Grund;Manfred;20;Fraktion der Christlich Demokratischen Union/Christlich - Sozialen Union;;person
11002718;Laschet;Armin;20;Fraktion der Christlich Demokratischen Union/Christlich - Sozialen Union;ArminLaschet;person
11002720;Lemke;Steffi;20;Fraktion BÜNDNIS 90/DIE GRÜNEN;SteffiLemke;person
11002733;Meister;Michael;20;Fraktion der Christlich Demokratischen Union/Christlich - Sozialen Union;meister_schafft;person
11002735;Merz;Friedrich;20;Fraktion der Christlich Demokratischen Union/Christlich - Sozialen Union;_friedrichmerz;person
11002746;Özdemir;Cem;20;Fraktion BÜNDNIS 90/DIE GRÜNEN;cem_oezdemir;person
11002754;Rachel;Thomas;20;Fraktion der Christlich Demokratischen Union/Christlich - Sozialen Union;_thomasrachel;person
11002765;Röttgen;Norbert;20;Fraktion der Christlich Demokratischen Union/Christlich - Sozialen Union;n_roettgen;person
11002812;Straubinger;Max;20;Fraktion der Christlich Demokratischen Union/Christlich - Sozialen Union;;person
11003034;Bartsch;Dietmar;20;Fraktion DIE LINKE.;DietmarBartsch;person
11003068;Deligöz;Ekin;20;Fraktion BÜNDNIS 90/DIE GRÜNEN;ekindeligoez;person
11003124;Friedrich;Hans-Peter;20;Fraktion der Christlich Demokratischen Union/Christlich - Sozialen Union;HPFriedrichCSU;person
11003132;Göring-Eckardt;Katrin;20;Fraktion BÜNDNIS 90/DIE GRÜNEN;GoeringEckardt;person
11003142;Heil;Hubertus;20;Fraktion der Sozialdemokratischen Partei Deutschlands;hubertus_heil;person
11003162;Kramme;Anette;20;Fraktion der Sozialdemokratischen Partei Deutschlands;AnetteKramme;person
11003199;Nietan;Dietmar;20;Fraktion der Sozialdemokratischen Partei Deutschlands;;person
11003206;Pau;Petra;20;Fraktion DIE LINKE.;PetraPauMaHe;person
11003212;Roth;Claudia;20;Fraktion BÜNDNIS 90/DIE GRÜNEN;;person
11003213;Roth;Michael;20;Fraktion der Sozialdemokratischen Partei Deutschlands;MiRo_SPD;person
11003218;Schneider;Carsten;20;Fraktion der Sozialdemokratischen Partei Deutschlands;schneidercar;person
11003231;Scholz;Olaf;20;Fraktion der Sozialdemokratischen Partei Deutschlands;OlafScholz;person
11003246;Trittin;Jürgen;20;Fraktion BÜNDNIS 90/DIE GRÜNEN;JTrittin;person
11003259;Widmann-Mauz;Annette;20;Fraktion der Christlich Demokratischen Union/Christlich - Sozialen Union;AWidmannMauz;person
11003264;Willsch;Klaus-Peter;20;Fraktion der Christlich Demokratischen Union/Christlich - Sozialen Union;;person
11003440;Griese;Kerstin;20;Fraktion der Sozialdemokratischen Partei Deutschlands;KerstinGriese;person
11003496;Bartol;Sören;20;Fraktion der Sozialdemokratischen Partei Deutschlands;soerenbartol;person
11003510;Braun;Helge;20;Fraktion der Christlich Demokratischen Union/Christlich - Sozialen Union;HBraun;person
11003514;Connemann;Gitta;20;Fraktion der Christlich Demokratischen Union/Christlich - Sozialen Union;gitta_connemann;person
11003516;Dobrindt;Alexander;20;Fraktion der Christlich Demokratischen Union/Christlich - Sozialen Union;;person
11003525;Ferlemann;Enak;20;Fraktion der Christlich Demokratischen Union/Christlich - Sozialen Union;;person
11003530;Fricke;Otto;20;Fraktion der Freien Demokratischen Partei;Otto_Fricke;person
11003541;Grosse-Brömer;Michael;20;Fraktion der Christlich Demokratischen Union/Christlich - Sozialen Union;MGrosseBroemer;person
11003542;Grübel;Markus;20;Fraktion der Christlich Demokratischen Union/Christlich - Sozialen Union;GruebelMdb;person
11003544;Gutting;Olav;20;Fraktion der Christlich Demokratischen Union/Christlich - Sozialen Union;olavgutting;person
11003545;Hagedorn;Bettina;20;Fraktion der Sozialdemokratischen Partei Deutschlands;;person
11003551;Hennrich;Michael;20;Fraktion der Christlich Demokratischen Union/Christlich - Sozialen Union;MichaelHennric2;person
11003566;Klöckner;Julia;20;Fraktion der Christlich Demokratischen Union/Christlich - Sozialen Union;JuliaKloeckner;person
11003573;Krichbaum;Gunther;20;Fraktion der Christlich Demokratischen Union/Christlich - Sozialen Union;GuntherKrichba3;person
11003574;Krings;Günter;20;Fraktion der Christlich Demokratischen Union/Christlich - Sozialen Union;guenterkrings;person
11003576;Künast;Renate;20;Fraktion BÜNDNIS 90/DIE GRÜNEN;RenateKuenast;person
11003578;Kurth;Markus;20;Fraktion BÜNDNIS 90/DIE GRÜNEN;markuskurthmdb;person
11003582;Lips;Patricia;20;Fraktion der Christlich Demokratischen Union/Christlich - Sozialen Union;;person
11003584;Lötzsch;Gesine;20;Fraktion DIE LINKE.;LoetzschMdB;person
11003585;Lührmann;Anna;20;Fraktion BÜNDNIS 90/DIE GRÜNEN;AnnaLuehrmann;person
11003586;Bär;Dorothee;20;Fraktion der Christlich Demokratischen Union/Christlich - Sozialen Union;DoroBaer;person
11003589;Mayer;Stephan;20;Fraktion der Christlich Demokratischen Union/Christlich - Sozialen Union;StephanMayerCSU;person
11003597;Müller;Stefan;20;Fraktion der Christlich Demokratischen Union/Christlich - Sozialen Union;smuellermdb;person
11003599;Mützenich;Rolf;20;Fraktion der Sozialdemokratischen Partei Deutschlands;;person
11003613;Ludwig;Daniela;20;Fraktion der Christlich Demokratischen Union/Christlich - Sozialen Union;DaniLudwigMdB;person
11003620;Rupprecht;Albert;20;Fraktion der Christlich Demokratischen Union/Christlich - Sozialen Union;;person
11003624;Schäfer;Axel;20;Fraktion der Sozialdemokratischen Partei Deutschlands;;person
11003625;Scheuer;Andreas;20;Fraktion der Christlich Demokratischen Union/Christlich - Sozialen Union;andreasscheuer;person
11003636;Silberhorn;Thomas;20;Fraktion der Christlich Demokratischen Union/Christlich - Sozialen Union;SilberhornMdB;person
11003638;Spahn;Jens;20;Fraktion der Christlich Demokratischen Union/Christlich - Sozialen Union;jensspahn;person
11003639;Stetten;Christian;20;Fraktion der Christlich Demokratischen Union/Christlich - Sozialen Union;CvStetten;person
11003643;Storjohann;Gero;20;Fraktion der Christlich Demokratischen Union/Christlich - Sozialen Union;gero_storjohann;person
11003646;Tillmann;Antje;20;Fraktion der Christlich Demokratischen Union/Christlich - Sozialen Union;AntjeTillmann;person
11003655;Wanderwitz;Marco;20;Fraktion der Christlich Demokratischen Union/Christlich - Sozialen Union;wanderwitz;person
11003702;Wissing;Volker;20;Fraktion der Freien Demokratischen Partei;Wissing;person
11003706;Auernhammer;Artur;20;Fraktion der Christlich Demokratischen Union/Christlich - Sozialen Union;;person
11003710;Kofler;Bärbel;20;Fraktion der Sozialdemokratischen Partei Deutschlands;BaerbelKofler;person
11003715;Klingbeil;Lars;20;Fraktion der Sozialdemokratischen Partei Deutschlands;larsklingbeil;person
11003732;Annen;Niels;20;Fraktion der Sozialdemokratischen Partei Deutschlands;NielsAnnen;person
11003734;Bareiß;Thomas;20;Fraktion der Christlich Demokratischen Union/Christlich - Sozialen Union;Thomas_Bareiss;person
11003742;Brand;Michael;20;Fraktion der Christlich Demokratischen Union/Christlich - Sozialen Union;;person
11003746;Dağdelen;Sevim;20;Fraktion DIE LINKE.;SevimDagdelen;person
11003753;Ernst;Klaus;20;Fraktion DIE LINKE.;ernst_klaus;person
11003756;Gehring;Kai;20;Fraktion BÜNDNIS 90/DIE GRÜNEN;KaiGehring;person
11003758;Gerster;Martin;20;Fraktion der Sozialdemokratischen Partei Deutschlands;;person
11003761;Grütters;Monika;20;Fraktion der Christlich Demokratischen Union/Christlich - Sozialen Union;;person
11003764;Haßelmann;Britta;20;Fraktion BÜNDNIS 90/DIE GRÜNEN;BriHasselmann;person
11003772;Hofreiter;Anton;20;Fraktion BÜNDNIS 90/DIE GRÜNEN;ToniHofreiter;person
11003780;Jung;Andreas;20;Fraktion der Christlich Demokratischen Union/Christlich - Sozialen Union;;person
11003782;Juratovic;Josip;20;Fraktion der Sozialdemokratischen Partei Deutschlands;josip_juratovic;person
11003786;Kipping;Katja;20;Fraktion DIE LINKE.;katjakipping;person
11003789;Koeppen;Jens;20;Fraktion der Christlich Demokratischen Union/Christlich - Sozialen Union;;person
11003790;Korte;Jan;20;Fraktion DIE LINKE.;jankortemdb;person
11003797;Lauterbach;Karl;20;Fraktion der Sozialdemokratischen Partei Deutschlands;Karl_Lauterbach;person
11003799;Lehrieder;Paul;20;Fraktion der Christlich Demokratischen Union/Christlich - Sozialen Union;;person
11003802;Link;Michael Georg;20;Fraktion der Freien Demokratischen Partei;michael_g_link;person
11003804;Mast;Katja;20;Fraktion der Sozialdemokratischen Partei Deutschlands;KatjaMast;person
11003809;Miersch;Matthias;20;Fraktion der Sozialdemokratischen Partei Deutschlands;;person
11003815;Müller;Carsten;20;Fraktion der Christlich Demokratischen Union/Christlich - Sozialen Union;CarstenMuellers;person
11003816;Müller;Detlef;20;Fraktion der Sozialdemokratischen Partei Deutschlands;MuellerChemnitz;person
11003821;Otte;Henning;20;Fraktion der Christlich Demokratischen Union/Christlich - Sozialen Union;HenningOtteMdB;person
11003830;Rix;Sönke;20;Fraktion der Sozialdemokratischen Partei Deutschlands;SoenkeRix;person
11003834;Schäffler;Frank;20;Fraktion der Freien Demokratischen Partei;f_schaeffler;person
11003838;Schieder;Marianne;20;Fraktion der Sozialdemokratischen Partei Deutschlands;m_schieder;person
11003846;Schwabe;Frank;20;Fraktion der Sozialdemokratischen Partei Deutschlands;FrankSchwabe;person
11003847;Schwarzelühr-Sutter;Rita;20;Fraktion der Sozialdemokratischen Partei Deutschlands;rischwasu;person
11003848;Sitte;Petra;20;Fraktion DIE LINKE.;Petra_Sitte_MdB;person
11003856;Toncar;Florian;20;Fraktion der Freien Demokratischen Partei;florian_toncar;person
11003858;Ulrich;Alexander;20;Fraktion DIE LINKE.;;person
11003865;Winkelmeier-Becker;Elisabeth;20;Fraktion der Christlich Demokratischen Union/Christlich - Sozialen Union;ElisabethWinke4;person
11003881;Nouripour;Omid;20;Fraktion BÜNDNIS 90/DIE GRÜNEN;nouripour;person
11003888;Strengmann-Kuhn;Wolfgang;20;Fraktion BÜNDNIS 90/DIE GRÜNEN;W_SK;person
11003890;Hirte;Christian;20;Fraktion der Christlich Demokratischen Union/Christlich - Sozialen Union;ChristianHirte;person
11004003;Aschenberg-Dugnus;Christine;20;Fraktion der Freien Demokratischen Partei;cad59;person
11004004;Aumer;Peter;20;Fraktion der Christlich Demokratischen Union/Christlich - Sozialen Union;PeterAumer;person
11004006;Bas;Bärbel;20;Fraktion der Sozialdemokratischen Partei Deutschlands;baerbelbas;person
11004010;Beyer;Peter;20;Fraktion der Christlich Demokratischen Union/Christlich - Sozialen Union;Peter_Beyer;person
11004011;Bilger;Steffen;20;Fraktion der Christlich Demokratischen Union/Christlich - Sozialen Union;SteffenBilger;person
11004012;Birkwald;Matthias W.;20;Fraktion DIE LINKE.;MWBirkwald;person
11004018;Brandl;Reinhard;20;Fraktion der Christlich Demokratischen Union/Christlich - Sozialen Union;reinhardbrandl;person
11004019;Brehmer;Heike;20;Fraktion der Christlich Demokratischen Union/Christlich - Sozialen Union;HeikeBrehmerMdB;person
11004021;Brinkhaus;Ralph;20;Fraktion der Christlich Demokratischen Union/Christlich - Sozialen Union;rbrinkhaus;person
11004023;Buschmann;Marco;20;Fraktion der Freien Demokratischen Partei;MarcoBuschmann;person
11004029;Djir-Sarai;Bijan;20;Fraktion der Freien Demokratischen Partei;DjirSarai;person
11004033;Franke;Edgar;20;Fraktion der Sozialdemokratischen Partei Deutschlands;FrankeEdgar;person
11004034;Frieser;Michael;20;Fraktion der Christlich Demokratischen Union/Christlich - Sozialen Union;MichaelFrieser;person
11004036;Gädechens;Ingo;20;Fraktion der Christlich Demokratischen Union/Christlich - Sozialen Union;gadechens;person
11004038;Gebhart;Thomas;20;Fraktion der Christlich Demokratischen Union/Christlich - Sozialen Union;thomasgebhart;person
11004039;Gerdes;Michael;20;Fraktion der Sozialdemokratischen Partei Deutschlands;GerdesMdB;person
11004041;Gohlke;Nicole;20;Fraktion DIE LINKE.;NicoleGohlke;person
11004048;Hahn;Florian;20;Fraktion der Christlich Demokratischen Union/Christlich - Sozialen Union;hahnflo;person
11004050;Hardt;Jürgen;20;Fraktion der Christlich Demokratischen Union/Christlich - Sozialen Union;juergenhardt;person
11004052;Heil;Mechthild;20;Fraktion der Christlich Demokratischen Union/Christlich - Sozialen Union;MechthildHeil;person
11004056;Heveling;Ansgar;20;Fraktion der Christlich Demokratischen Union/Christlich - Sozialen Union;;person
11004057;Höferlin;Manuel;20;Fraktion der Freien Demokratischen Partei;ManuelHoeferlin;person
11004060;Hunko;Andrej;20;Fraktion DIE LINKE.;AndrejHunko;person
11004061;Jarzombek;Thomas;20;Fraktion der Christlich Demokratischen Union/Christlich - Sozialen Union;tj_tweets;person
11004063;Kaczmarek;Oliver;20;Fraktion der Sozialdemokratischen Partei Deutschlands;KaczmarekOliver;person
11004067;Keul;Katja;20;Fraktion BÜNDNIS 90/DIE GRÜNEN;KatjaKeul;person
11004068;Kiesewetter;Roderich;20;Fraktion der Christlich Demokratischen Union/Christlich - Sozialen Union;RKiesewetter;person
11004070;Kindler;Sven-Christian;20;Fraktion BÜNDNIS 90/DIE GRÜNEN;sven_kindler;person
11004071;Klein;Volkmar;20;Fraktion der Christlich Demokratischen Union/Christlich - Sozialen Union;VolkmarKlein;person
11004072;Klein-Schmeink;Maria;20;Fraktion BÜNDNIS 90/DIE GRÜNEN;MariaKlSchmeink;person
11004073;Knoerig;Axel;20;Fraktion der Christlich Demokratischen Union/Christlich - Sozialen Union;axel_knoerig;person
11004075;Kober;Pascal;20;Fraktion der Freien Demokratischen Partei;PascalKober;person
11004081;Krischer;Oliver;20;Fraktion BÜNDNIS 90/DIE GRÜNEN;Oliver_Krischer;person
11004087;Lange;Ulrich;20;Fraktion der Christlich Demokratischen Union/Christlich - Sozialen Union;UlrichLange;person
11004088;Lay;Caren;20;Fraktion DIE LINKE.;CarenLay;person
11004091;Lenkert;Ralph;20;Fraktion DIE LINKE.;RLenkert;person
11004095;Lindemann;Lars;20;Fraktion der Freien Demokratischen Partei;LFLindemann;person
11004097;Lindner;Christian;20;Fraktion der Freien Demokratischen Partei;c_lindner;person
11004098;Linnemann;Carsten;20;Fraktion der Christlich Demokratischen Union/Christlich - Sozialen Union;;person
11004100;Luczak;Jan-Marco;20;Fraktion der Christlich Demokratischen Union/Christlich - Sozialen Union;JM_Luczak;person
11004102;Luksic;Oliver;20;Fraktion der Freien Demokratischen Partei;OlliLuksic;person
11004103;Lutze;Thomas;20;Fraktion DIE LINKE.;thlutze;person
11004106;Brugger;Agnieszka;20;Fraktion BÜNDNIS 90/DIE GRÜNEN;agnieszka_mdb;person
11004108;Mattfeldt;Andreas;20;Fraktion der Christlich Demokratischen Union/Christlich - Sozialen Union;AMattfeldt;person
11004110;Middelberg;Mathias;20;Fraktion der Christlich Demokratischen Union/Christlich - Sozialen Union;;person
11004111;Möhring;Cornelia;20;Fraktion DIE LINKE.;Conni_Moehring;person
11004113;Monstadt;Dietrich;20;Fraktion der Christlich Demokratischen Union/Christlich - Sozialen Union;MdBMonstadt;person
11004116;Schön;Nadine;20;Fraktion der Christlich Demokratischen Union/Christlich - Sozialen Union;NadineSchoen;person
11004117;Müller-Gemmeke;Beate;20;Fraktion BÜNDNIS 90/DIE GRÜNEN;GrueneBeate;person
11004119;Nestle;Ingrid;20;Fraktion BÜNDNIS 90/DIE GRÜNEN;Ingrid_Nestle;person
11004123;Notz;Konstantin;20;Fraktion BÜNDNIS 90/DIE GRÜNEN;KonstantinNotz;person
11004124;Özoğuz;Aydan;20;Fraktion der Sozialdemokratischen Partei Deutschlands;oezoguz;person
11004127;Paus;Lisa;20;Fraktion BÜNDNIS 90/DIE GRÜNEN;lisapaus;person
11004136;Rief;Josef;20;Fraktion der Christlich Demokratischen Union/Christlich - Sozialen Union;;person
11004138;Rößner;Tabea;20;Fraktion BÜNDNIS 90/DIE GRÜNEN;TabeaRoessner;person
11004139;Rüddel;Erwin;20;Fraktion der Christlich Demokratischen Union/Christlich - Sozialen Union;Erwin_Rueddel;person
11004146;Schnieder;Patrick;20;Fraktion der Christlich Demokratischen Union/Christlich - Sozialen Union;Pschnieder;person
11004150;Schwartze;Stefan;20;Fraktion der Sozialdemokratischen Partei Deutschlands;s_schwartze;person
11004152;Seif;Detlef;20;Fraktion der Christlich Demokratischen Union/Christlich - Sozialen Union;;person
11004159;Skudelny;Judith;20;Fraktion der Freien Demokratischen Partei;JudithSkudelny;person
11004168;Stier;Dieter;20;Fraktion der Christlich Demokratischen Union/Christlich - Sozialen Union;;person
11004169;Stracke;Stephan;20;Fraktion der Christlich Demokratischen Union/Christlich - Sozialen Union;;person
11004175;Thomae;Stephan;20;Fraktion der Freien Demokratischen Partei;StephanThomae;person
11004179;Vogel;Johannes;20;Fraktion der Freien Demokratischen Partei;johannesvogel;person
11004181;Vogler;Kathrin;20;Fraktion DIE LINKE.;voglerk;person
11004182;Wadephul;Johann David;20;Fraktion der Christlich Demokratischen Union/Christlich - Sozialen Union;JoWadephul;person
11004183;Wagenknecht;Sahra;20;Fraktion DIE LINKE.;SWagenknecht;person
11004187;Weiss;Sabine;20;Fraktion der Christlich Demokratischen Union/Christlich - Sozialen Union;;person
11004215;Ebner;Harald;20;Fraktion BÜNDNIS 90/DIE GRÜNEN;ebner_sha;person
11004217;Lindner;Tobias;20;Fraktion BÜNDNIS 90/DIE GRÜNEN;tobiaslindner;person
11004221;Walter-Rosenheimer;Beate;20;Fraktion BÜNDNIS 90/DIE GRÜNEN;TeamBeate;person
11004222;Todtenhausen;Manfred;20;Fraktion der Freien Demokratischen Partei;MTodtenhausen;person
11004226;Hellmich;Wolfgang;20;Fraktion der Sozialdemokratischen Partei Deutschlands;HellmichMdB;person
11004229;Reinhold;Hagen;20;Fraktion der Freien Demokratischen Partei;reinholdmdb;person
11004241;Albani;Stephan;20;Fraktion der Christlich Demokratischen Union/Christlich - Sozialen Union;;person
11004243;Amtsberg;Luise;20;Fraktion BÜNDNIS 90/DIE GRÜNEN;;person
11004244;Baehrens;Heike;20;Fraktion der Sozialdemokratischen Partei Deutschlands;;person
11004245;Baerbock;Annalena;20;Fraktion BÜNDNIS 90/DIE GRÜNEN;ABaerbock;person
11004246;Bahr;Ulrike;20;Fraktion der Sozialdemokratischen Partei Deutschlands;MdB_Ulrike_Bahr;person
11004252;Berghegger;André;20;Fraktion der Christlich Demokratischen Union/Christlich - Sozialen Union;;person
11004255;Brantner;Franziska;20;Fraktion BÜNDNIS 90/DIE GRÜNEN;fbrantner;person
11004257;Castellucci;Lars;20;Fraktion der Sozialdemokratischen Partei Deutschlands;larscastellucci;person
11004258;Daldrup;Bernhard;20;Fraktion der Sozialdemokratischen Partei Deutschlands;BernhardDaldrup;person
11004259;Diaby;Karamba;20;Fraktion der Sozialdemokratischen Partei Deutschlands;KarambaDiaby;person
11004261;Dittmar;Sabine;20;Fraktion der Sozialdemokratischen Partei Deutschlands;dittmarsabine;person
11004262;Donth;Michael;20;Fraktion der Christlich Demokratischen Union/Christlich - Sozialen Union;;person
11004263;Dröge;Katharina;20;Fraktion BÜNDNIS 90/DIE GRÜNEN;katdro;person
11004264;Durz;Hansjörg;20;Fraktion der Christlich Demokratischen Union/Christlich - Sozialen Union;Hansjoerg_Durz;person
11004267;Esken;Saskia;20;Fraktion der Sozialdemokratischen Partei Deutschlands;EskenSaskia;person
11004269;Färber;Hermann;20;Fraktion der Christlich Demokratischen Union/Christlich - Sozialen Union;;person
11004270;Fechner;Johannes;20;Fraktion der Sozialdemokratischen Partei Deutschlands;FechnerJohannes;person
11004271;Feiler;Uwe;20;Fraktion der Christlich Demokratischen Union/Christlich - Sozialen Union;UweFe;person
11004276;Frei;Thorsten;20;Fraktion der Christlich Demokratischen Union/Christlich - Sozialen Union;thorsten_frei;person
11004278;Gastel;Matthias;20;Fraktion BÜNDNIS 90/DIE GRÜNEN;MatthiasGastel;person
11004282;Grötsch;Uli;20;Fraktion der Sozialdemokratischen Partei Deutschlands;UliGroetsch;person
11004283;Grundmann;Oliver;20;Fraktion der Christlich Demokratischen Union/Christlich - Sozialen Union;;person
11004285;Güntzler;Fritz;20;Fraktion der Christlich Demokratischen Union/Christlich - Sozialen Union;FGuentzler;person
11004286;Haase;Christian;20;Fraktion der Christlich Demokratischen Union/Christlich - Sozialen Union;ChristianHaase6;person
11004287;Hagl-Kehl;Rita;20;Fraktion der Sozialdemokratischen Partei Deutschlands;RitaHaglKehl;person
11004288;Hahn;André;20;Fraktion DIE LINKE.;;person
11004289;Hakverdi;Metin;20;Fraktion der Sozialdemokratischen Partei Deutschlands;MetinHakverdi;person
11004291;Hartmann;Sebastian;20;Fraktion der Sozialdemokratischen Partei Deutschlands;sebast_hartmann;person
11004292;Hauer;Matthias;20;Fraktion der Christlich Demokratischen Union/Christlich - Sozialen Union;MatthiasHauer;person
11004294;Heck;Stefan;20;Fraktion der Christlich Demokratischen Union/Christlich - Sozialen Union;StHeck;person
11004295;Heidenblut;Dirk;20;Fraktion der Sozialdemokratischen Partei Deutschlands;;person
11004296;Heinrich;Gabriela;20;Fraktion der Sozialdemokratischen Partei Deutschlands;GaHeinrich;person
11004298;Helfrich;Mark;20;Fraktion der Christlich Demokratischen Union/Christlich - Sozialen Union;;person
11004303;Hitschler;Thomas;20;Fraktion der Sozialdemokratischen Partei Deutschlands;ThomasHitschler;person
11004304;Hoffmann;Alexander;20;Fraktion der Christlich Demokratischen Union/Christlich - Sozialen Union;Hoffmann_MdB;person
11004305;Hoppenstedt;Hendrik;20;Fraktion der Christlich Demokratischen Union/Christlich - Sozialen Union;;person
11004311;Irlstorfer;Erich;20;Fraktion der Christlich Demokratischen Union/Christlich - Sozialen Union;;person
11004312;Janecek;Dieter;20;Fraktion BÜNDNIS 90/DIE GRÜNEN;DJanecek;person
11004317;Junge;Frank;20;Fraktion der Sozialdemokratischen Partei Deutschlands;jungeinberlin;person
11004323;Karliczek;Anja;20;Fraktion der Christlich Demokratischen Union/Christlich - Sozialen Union;AnjaKarliczek;person
11004325;Katzmarek;Gabriele;20;Fraktion der Sozialdemokratischen Partei Deutschlands;GabyKatzmarek;person
11004327;Kippels;Georg;20;Fraktion der Christlich Demokratischen Union/Christlich - Sozialen Union;;person
11004328;Kiziltepe;Cansel;20;Fraktion der Sozialdemokratischen Partei Deutschlands;CanselK;person
11004331;Koob;Markus;20;Fraktion der Christlich Demokratischen Union/Christlich - Sozialen Union;KoobMar;person
11004332;Körber;Carsten;20;Fraktion der Christlich Demokratischen Union/Christlich - Sozialen Union;CarstenKoerber;person
11004333;Kühn;Christian;20;Fraktion BÜNDNIS 90/DIE GRÜNEN;ChrisKuehn_mdb;person
11004336;Launert;Silke;20;Fraktion der Christlich Demokratischen Union/Christlich - Sozialen Union;SilkeLaunert;person
11004337;Leikert;Katja;20;Fraktion der Christlich Demokratischen Union/Christlich - Sozialen Union;KLeikert;person
11004339;Lenz;Andreas;20;Fraktion der Christlich Demokratischen Union/Christlich - Sozialen Union;DerLenzMdB;person
11004342;Lindholz;Andrea;20;Fraktion der Christlich Demokratischen Union/Christlich - Sozialen Union;AndreaLindholz;person
11004346;Magwas;Yvonne;20;Fraktion der Christlich Demokratischen Union/Christlich - Sozialen Union;YvonneMagwas;person
11004352;Metzler;Jan;20;Fraktion der Christlich Demokratischen Union/Christlich - Sozialen Union;JanMetzler;person
11004353;Mihalic;Irene;20;Fraktion BÜNDNIS 90/DIE GRÜNEN;IreneMihalic;person
11004355;Mittag;Susanne;20;Fraktion der Sozialdemokratischen Partei Deutschlands;MittagSusanne;person
11004358;Müller;Bettina;20;Fraktion der Sozialdemokratischen Partei Deutschlands;BetMueller;person
11004359;Müntefering;Michelle;20;Fraktion der Sozialdemokratischen Partei Deutschlands;Mi_Muentefering;person
11004365;Oellers;Wilfried;20;Fraktion der Christlich Demokratischen Union/Christlich - Sozialen Union;WilfriedOellers;person
11004366;Oßner;Florian;20;Fraktion der Christlich Demokratischen Union/Christlich - Sozialen Union;Florian_Ossner;person
11004368;Özdemir;Mahmut;20;Fraktion der Sozialdemokratischen Partei Deutschlands;oezdemir_spd;person
11004377;Poschmann;Sabine;20;Fraktion der Sozialdemokratischen Partei Deutschlands;;person
11004378;Post;Achim;20;Fraktion der Sozialdemokratischen Partei Deutschlands;Achim_P;person
11004382;Radomski;Kerstin;20;Fraktion der Christlich Demokratischen Union/Christlich - Sozialen Union;;person
11004383;Radwan;Alexander;20;Fraktion der Christlich Demokratischen Union/Christlich - Sozialen Union;AlexanderRadwan;person
11004384;Rainer;Alois;20;Fraktion der Christlich Demokratischen Union/Christlich - Sozialen Union;AloisRainer;person
11004385;Renner;Martina;20;Fraktion DIE LINKE.;MartinaRenner;person
11004387;Rimkus;Andreas;20;Fraktion der Sozialdemokratischen Partei Deutschlands;Andreas_Rimkus;person
11004388;Rohde;Dennis;20;Fraktion der Sozialdemokratischen Partei Deutschlands;;person
11004389;Rosemann;Martin;20;Fraktion der Sozialdemokratischen Partei Deutschlands;MartinRosemann;person
11004390;Rüffer;Corinna;20;Fraktion BÜNDNIS 90/DIE GRÜNEN;crueffer;person
11004392;Rützel;Bernd;20;Fraktion der Sozialdemokratischen Partei Deutschlands;ruetzelbernd;person
11004393;Saathoff;Johann;20;Fraktion der Sozialdemokratischen Partei Deutschlands;Johann_Saathoff;person
11004395;Schauws;Ulle;20;Fraktion BÜNDNIS 90/DIE GRÜNEN;ulle_schauws;person
11004396;Scheer;Nina;20;Fraktion der Sozialdemokratischen Partei Deutschlands;NinaScheer_SPD;person
11004397;Schiefner;Udo;20;Fraktion der Sozialdemokratischen Partei Deutschlands;UdoSchiefner;person
11004398;Schimke;Jana;20;Fraktion der Christlich Demokratischen Union/Christlich - Sozialen Union;JanaSchimke;person
11004401;Schmidt;Dagmar;20;Fraktion der Sozialdemokratischen Partei Deutschlands;dieschmidt;person
11004405;Schulz-Asche;Kordula;20;Fraktion BÜNDNIS 90/DIE GRÜNEN;K_SA;person
11004407;Schwarz;Andreas;20;Fraktion der Sozialdemokratischen Partei Deutschlands;Schwarz_MdB;person
11004409;Sorge;Tino;20;Fraktion der Christlich Demokratischen Union/Christlich - Sozialen Union;TinoSorge;person
11004412;Stadler;Svenja;20;Fraktion der Sozialdemokratischen Partei Deutschlands;stadler_svenja;person
11004413;Stamm-Fibich;Martina;20;Fraktion der Sozialdemokratischen Partei Deutschlands;stamm_fibich;person
11004414;Stefinger;Wolfgang;20;Fraktion der Christlich Demokratischen Union/Christlich - Sozialen Union;StefingerMdB;person
11004415;Stegemann;Albert;20;Fraktion der Christlich Demokratischen Union/Christlich - Sozialen Union;StegemannAlbert;person
11004418;Steiniger;Johannes;20;Fraktion der Christlich Demokratischen Union/Christlich - Sozialen Union;JoSteiniger;person
11004423;Tausend;Claudia;20;Fraktion der Sozialdemokratischen Partei Deutschlands;;person
11004424;Thews;Michael;20;Fraktion der Sozialdemokratischen Partei Deutschlands;michael_thews;person
11004425;Timmermann-Fechter;Astrid;20;Fraktion der Christlich Demokratischen Union/Christlich - Sozialen Union;;person
11004426;Träger;Carsten;20;Fraktion der Sozialdemokratischen Partei Deutschlands;CarstenTraeger;person
11004427;Ullrich;Volker;20;Fraktion der Christlich Demokratischen Union/Christlich - Sozialen Union;VolkerUllrich;person
11004429;Verlinden;Julia;20;Fraktion BÜNDNIS 90/DIE GRÜNEN;julia_verlinden;person
11004433;Vöpel;Dirk;20;Fraktion der Sozialdemokratischen Partei Deutschlands;;person
11004437;Warken;Nina;20;Fraktion der Christlich Demokratischen Union/Christlich - Sozialen Union;ninawarken;person
11004440;Weisgerber;Anja;20;Fraktion der Christlich Demokratischen Union/Christlich - Sozialen Union;anjaweisgerber;person
11004442;Westphal;Bernd;20;Fraktion der Sozialdemokratischen Partei Deutschlands;BerndWestphal4;person
11004443;Whittaker;Kai;20;Fraktion der Christlich Demokratischen Union/Christlich - Sozialen Union;Kai_Whittaker;person
11004444;Wiese;Dirk;20;Fraktion der Sozialdemokratischen Partei Deutschlands;DirkWieseSPD;person
11004448;Yüksel;Gülistan;20;Fraktion der Sozialdemokratischen Partei Deutschlands;;person
11004452;Zeulner;Emmi;20;Fraktion der Christlich Demokratischen Union/Christlich - Sozialen Union;;person
11004453;Zierke;Stefan;20;Fraktion der Sozialdemokratischen Partei Deutschlands;zierke;person
11004603;Zimmermann;Jens;20;Fraktion der Sozialdemokratischen Partei Deutschlands;JensZSPD;person
11004605;Petry;Christian;20;Fraktion der Sozialdemokratischen Partei Deutschlands;CPetryMdB;person
11004614;Glöckner;Angelika;20;Fraktion der Sozialdemokratischen Partei Deutschlands;A_Gloeckner;person
11004617;Kemmer;Ronja;20;Fraktion der Christlich Demokratischen Union/Christlich - Sozialen Union;RonjaKemmer;person
11004622;Ryglewski;Sarah;20;Fraktion der Sozialdemokratischen Partei Deutschlands;RyglewskiS;person
11004639;Coße;Jürgen;20;Fraktion der Sozialdemokratischen Partei Deutschlands;juergencosse;person
11004645;Uhl;Markus;20;Fraktion der Christlich Demokratischen Union/Christlich - Sozialen Union;uhl_markus;person
11004653;Akbulut;Gökay;20;Fraktion DIE LINKE.;AkbulutGokay;person
11004654;Alt;Renata;20;Fraktion der Freien Demokratischen Partei;RenataAlt_MdB;person
11004655;Altenkamp;Norbert Maria;20;Fraktion der Christlich Demokratischen Union/Christlich - Sozialen Union;NAltenkamp;person
11004656;Amthor;Philipp;20;Fraktion der Christlich Demokratischen Union/Christlich - Sozialen Union;Philipp_Amthor;person
11004659;Badum;Lisa;20;Fraktion BÜNDNIS 90/DIE GRÜNEN;badulrichmartha;person
11004661;Bauer;Nicole;20;Fraktion der Freien Demokratischen Partei;nicole_ae_bauer;person
11004662;Baumann;Bernd;20;Alternative für Deutschland;BerndBaumannAfD;person
11004665;Bayram;Canan;20;Fraktion BÜNDNIS 90/DIE GRÜNEN;LieblingXhain;person
11004666;Beeck;Jens;20;Fraktion der Freien Demokratischen Partei;jensbeeck;person
11004667;In der Beek;Olaf;20;Fraktion der Freien Demokratischen Partei;olafinderbeek;person
11004669;Bernhard;Marc;20;Alternative für Deutschland;MarcBernhardAfD;person
11004673;Biadacz;Marc;20;Fraktion der Christlich Demokratischen Union/Christlich - Sozialen Union;MBiadaczMdB;person
11004674;Bleck;Andreas;20;Alternative für Deutschland;andreasbleckmdb;person
11004675;Boehringer;Peter;20;Alternative für Deutschland;PeterBoehringer;person
11004676;Brandenburg;Jens;20;Fraktion der Freien Demokratischen Partei;JBrandenburgFDP;person
11004677;Brandenburg;Mario;20;Fraktion der Freien Demokratischen Partei;BraFDP;person
11004678;Brandner;Stephan;20;Alternative für Deutschland;StBrandner;person
11004680;Braun;Jürgen;20;Alternative für Deutschland;JuergenBraunAfD;person
11004681;Breher;Silvia;20;Fraktion der Christlich Demokratischen Union/Christlich - Sozialen Union;BreherSilvia;person
11004682;Brehm;Sebastian;20;Fraktion der Christlich Demokratischen Union/Christlich - Sozialen Union;Brehm_inNBGNord;person
11004683;Breymaier;Leni;20;Fraktion der Sozialdemokratischen Partei Deutschlands;LeniBreymaier;person
11004684;Brodesser;Carsten;20;Fraktion der Christlich Demokratischen Union/Christlich - Sozialen Union;;person
11004686;Budde;Katrin;20;Fraktion der Sozialdemokratischen Partei Deutschlands;;person
11004687;Bühl;Marcus;20;Alternative für Deutschland;Marcus_Buehl;person
11004690;Busen;Karlheinz;20;Fraktion der Freien Demokratischen Partei;busen_mdb;person
11004692;Bystron;Petr;20;Alternative für Deutschland;PetrBystronAfD;person
11004694;Christmann;Anna;20;Fraktion BÜNDNIS 90/DIE GRÜNEN;annachristmann;person
11004695;Chrupalla;Tino;20;Alternative für Deutschland;Tino_Chrupalla;person
11004696;Cotar;Joana;20;Alternative für Deutschland;JoanaCotar;person
11004697;Cronenberg;Carl-Julius;20;Fraktion der Freien Demokratischen Partei;cjcronenberg;person
11004698;Curio;Gottfried;20;Alternative für Deutschland;GottfriedCurio;person
11004699;Damerow;Astrid;20;Fraktion der Christlich Demokratischen Union/Christlich - Sozialen Union;;person
11004701;Dilcher;Esther;20;Fraktion der Sozialdemokratischen Partei Deutschlands;;person
11004703;Domscheit-Berg;Anke;20;Fraktion DIE LINKE.;anked;person
11004705;Dürr;Christian;20;Fraktion der Freien Demokratischen Partei;christianduerr;person
11004707;Ehrhorn;Thomas;20;Alternative für Deutschland;Thomas_Ehrhorn;person
11004709;Erndl;Thomas;20;Fraktion der Christlich Demokratischen Union/Christlich - Sozialen Union;TErndl;person
11004710;Esdar;Wiebke;20;Fraktion der Sozialdemokratischen Partei Deutschlands;wiebkeesdar1;person
11004711;Espendiller;Michael;20;Alternative für Deutschland;DrMEspendiller;person
11004712;Faber;Marcus;20;Fraktion der Freien Demokratischen Partei;MarcusFaber;person
11004713;Fahimi;Yasmin;20;Fraktion der Sozialdemokratischen Partei Deutschlands;FahimiYasmin;person
11004714;Felser;Peter;20;Alternative für Deutschland;PeterFelser;person
11004715;Ferschl;Susanne;20;Fraktion DIE LINKE.;SusanneFerschl;person
11004716;Föst;Daniel;20;Fraktion der Freien Demokratischen Partei;DFoest;person
11004719;Friedhoff;Dietmar;20;Alternative für Deutschland;dietmarfriedho1;person
11004721;Frohnmaier;Markus;20;Alternative für Deutschland;Frohnmaier_AfD;person
11004722;Frömming;Götz;20;Alternative für Deutschland;GtzFrmming;person
11004724;Gauland;Alexander;20;Alternative für Deutschland;AlexGauland;person
11004726;Gelbhaar;Stefan;20;Fraktion BÜNDNIS 90/DIE GRÜNEN;StefanGelbhaar;person
11004727;Glaser;Albrecht;20;Alternative für Deutschland;GlaserMdb;person
11004731;Gottschalk;Kay;20;Alternative für Deutschland;KayGottschalk1;person
11004732;Gremmels;Timon;20;Fraktion der Sozialdemokratischen Partei Deutschlands;Timon_Gremmels;person
11004733;Grundl;Erhard;20;Fraktion BÜNDNIS 90/DIE GRÜNEN;Erhard_Grundl;person
11004734;Hacker;Thomas;20;Fraktion der Freien Demokratischen Partei;hacker_fdp;person
11004736;Harder-Kühnel;Mariana Iris;20;Alternative für Deutschland;M_HarderKuehnel;person
11004739;Haug;Jochen;20;Alternative für Deutschland;Jochen_Haug;person
11004741;Heilmann;Thomas;20;Fraktion der Christlich Demokratischen Union/Christlich - Sozialen Union;ThomasHeilmann;person
11004742;Helling-Plahr;Katrin;20;Fraktion der Freien Demokratischen Partei;KatrinHelling;person
11004744;Henrichmann;Marc;20;Fraktion der Christlich Demokratischen Union/Christlich - Sozialen Union;MarcHenrichmann;person
11004745;Herbrand;Markus;20;Fraktion der Freien Demokratischen Partei;HerbrandMarkus;person
11004746;Herbst;Torsten;20;Fraktion der Freien Demokratischen Partei;torstenherbst;person
11004749;Hess;Martin;20;Alternative für Deutschland;Martin_Hess_AfD;person
11004750;Hessel;Katja;20;Fraktion der Freien Demokratischen Partei;fdp_hessel;person
11004752;Hilse;Karsten;20;Alternative für Deutschland;HilseMdb;person
11004753;Höchst;Nicole;20;Alternative für Deutschland;Nicole_Hoechst;person
11004754;Hocker;Gero Clemens;20;Fraktion der Freien Demokratischen Partei;GeroHocker;person
11004756;Hoffmann;Bettina;20;Fraktion BÜNDNIS 90/DIE GRÜNEN;bhoffmann_mdb;person
11004757;Hoffmann;Christoph;20;Fraktion der Freien Demokratischen Partei;HoffmannForest;person
11004761;Holm;Leif-Erik;20;Alternative für Deutschland;Leif_Erik_Holm;person
11004763;Houben;Reinhard;20;Fraktion der Freien Demokratischen Partei;HoubenReinhard;person
11004764;Huber;Johannes;20;Alternative für Deutschland;Huber_AfD;person
11004767;Jacobi;Fabian;20;Alternative für Deutschland;;person
11004768;Jongen;Marc;20;Alternative für Deutschland;Marc_Jongen;person
11004770;Jung;Ingmar;20;Fraktion der Christlich Demokratischen Union/Christlich - Sozialen Union;Ingmar_Jung;person
11004771;Kaiser;Elisabeth;20;Fraktion der Sozialdemokratischen Partei Deutschlands;Kaiser_SPD;person
11004773;Kappert-Gonther;Kirsten;20;Fraktion BÜNDNIS 90/DIE GRÜNEN;KirstenKappert;person
11004778;Keuter;Stefan;20;Alternative für Deutschland;StefanKeuterAfD;person
11004779;Kießling;Michael;20;Fraktion der Christlich Demokratischen Union/Christlich - Sozialen Union;Kiessling_MdB;person
11004780;Klein;Karsten;20;Fraktion der Freien Demokratischen Partei;MdBKlein;person
11004781;Kleinwächter;Norbert;20;Alternative für Deutschland;NKleinwaechter;person
11004784;Kluckert;Daniela;20;Fraktion der Freien Demokratischen Partei;DanielaKluckert;person
11004786;Köhler;Lukas;20;Fraktion der Freien Demokratischen Partei;koehler_fdp;person
11004787;Komning;Enrico;20;Alternative für Deutschland;EnricoKomning;person
11004788;König;Jörn;20;Alternative für Deutschland;JoernKoenigAfD;person
11004789;Konrad;Carina;20;Fraktion der Freien Demokratischen Partei;carina_konrad;person
11004791;Kotré;Steffen;20;Alternative für Deutschland;SteffenKotre;person
11004792;Kraft;Rainer;20;Alternative für Deutschland;Dr_Rainer_Kraft;person
11004796;Kuhle;Konstantin;20;Fraktion der Freien Demokratischen Partei;KonstantinKuhle;person
11004798;Lambsdorff;Alexander;20;Fraktion der Freien Demokratischen Partei;Lambsdorff;person
11004799;Lechte;Ulrich;20;Fraktion der Freien Demokratischen Partei;ulrichlechte;person
11004800;Lehmann;Jens;20;Fraktion der Christlich Demokratischen Union/Christlich - Sozialen Union;;person
11004801;Lehmann;Sven;20;Fraktion BÜNDNIS 90/DIE GRÜNEN;svenlehmann;person
11004802;Lindh;Helge;20;Fraktion der Sozialdemokratischen Partei Deutschlands;helgelindh;person
11004806;Loos;Bernhard;20;Fraktion der Christlich Demokratischen Union/Christlich - Sozialen Union;;person
11004807;Lucassen;Rüdiger;20;Alternative für Deutschland;MdB_Lucassen;person
11004809;Maas;Heiko;20;Fraktion der Sozialdemokratischen Partei Deutschlands;HeikoMaas;person
11004815;Mansmann;Till;20;Fraktion der Freien Demokratischen Partei;TillMansmann;person
11004819;Meiser;Pascal;20;Fraktion DIE LINKE.;pascalmeiser;person
11004820;Meyer;Christoph;20;Fraktion der Freien Demokratischen Partei;Meyer_FDP;person
11004821;Miazga;Corinna;20;Alternative für Deutschland;CorinnaMiazga;person
11004823;Mohamed Ali;Amira;20;Fraktion DIE LINKE.;Amira_M_Ali;person
11004824;Mohrs;Falko;20;Fraktion der Sozialdemokratischen Partei Deutschlands;FalkoMohrs;person
11004825;Moll;Claudia;20;Fraktion der Sozialdemokratischen Partei Deutschlands;ClaudiaMollMdB;person
11004826;Möller;Siemtje;20;Fraktion der Sozialdemokratischen Partei Deutschlands;SiemtjeMdB;person
11004828;Müller;Alexander;20;Fraktion der Freien Demokratischen Partei;alexmuellerfdp;person
11004829;Müller;Axel;20;Fraktion der Christlich Demokratischen Union/Christlich - Sozialen Union;;person
11004830;Müller;Claudia;20;Fraktion BÜNDNIS 90/DIE GRÜNEN;GruenClaudia;person
11004832;Müller;Sepp;20;Fraktion der Christlich Demokratischen Union/Christlich - Sozialen Union;mueller_sepp;person
11004834;Müller-Rosentritt;Frank;20;Fraktion der Freien Demokratischen Partei;theliberalfrank;person
11004836;Münzenmaier;Sebastian;20;Alternative für Deutschland;S_Muenzenmaier;person
11004837;Nastic;Zaklin;20;Fraktion DIE LINKE.;ZaklinNastic;person
11004841;Nicolaisen;Petra;20;Fraktion der Christlich Demokratischen Union/Christlich - Sozialen Union;;person
11004842;Nolte;Jan Ralf;20;Alternative für Deutschland;Jan_Nolte_AfD;person
11004844;Ortleb;Josephine;20;Fraktion der Sozialdemokratischen Partei Deutschlands;josephineortleb;person
11004845;Oster;Josef;20;Fraktion der Christlich Demokratischen Union/Christlich - Sozialen Union;josefoster;person
11004846;Otten;Gerold;20;Alternative für Deutschland;Gerold_Otten;person
11004848;Pellmann;Sören;20;Fraktion DIE LINKE.;LINKEPELLI;person
11004849;Perli;Victor;20;Fraktion DIE LINKE.;victorperli;person
11004850;Peterka;Tobias Matthias;20;Alternative für Deutschland;TobiasMPeterka;person
11004853;Pilsinger;Stephan;20;Fraktion der Christlich Demokratischen Union/Christlich - Sozialen Union;StephPilsinger;person
11004854;Ploß;Christoph;20;Fraktion der Christlich Demokratischen Union/Christlich - Sozialen Union;christophploss;person
11004856;Pohl;Jürgen;20;Alternative für Deutschland;Pohl_MdB;person
11004857;Polat;Filiz;20;Fraktion BÜNDNIS 90/DIE GRÜNEN;filizgreen;person
11004858;Protschka;Stephan;20;Alternative für Deutschland;AfDProtschka;person
11004859;Reichardt;Martin;20;Alternative für Deutschland;M_Reichardt_AfD;person
11004862;Renner;Martin Erwin;20;Alternative für Deutschland;Renner_AfD;person
11004864;Reuther;Bernd;20;Fraktion der Freien Demokratischen Partei;reuther_bernd;person
11004865;Riexinger;Bernd;20;Fraktion DIE LINKE.;b_riexinger;person
11004866;Rottmann;Manuela;20;Fraktion BÜNDNIS 90/DIE GRÜNEN;ManuelaRottman;person
11004867;Rouenhoff;Stefan;20;Fraktion der Christlich Demokratischen Union/Christlich - Sozialen Union;StefanRouenhoff;person
11004869;Sattelberger;Thomas;20;Fraktion der Freien Demokratischen Partei;th_sattelberger;person
11004871;Sauter;Christian;20;Fraktion der Freien Demokratischen Partei;Chr_Sauter;person
11004873;Schielke-Ziesing;Ulrike;20;Alternative für Deutschland;ulschzi;person
11004876;Schmid;Nils;20;Fraktion der Sozialdemokratischen Partei Deutschlands;NilsSchmid;person
11004877;Schmidt;Stefan;20;Fraktion BÜNDNIS 90/DIE GRÜNEN;Schmidt_MdB;person
11004878;Schmidt;Uwe;20;Fraktion der Sozialdemokratischen Partei Deutschlands;;person
11004880;Schneider;Jörg;20;Alternative für Deutschland;Schneider_AfD;person
11004881;Schraps;Johannes;20;Fraktion der Sozialdemokratischen Partei Deutschlands;jschraps;person
11004883;Schreiner;Felix;20;Fraktion der Christlich Demokratischen Union/Christlich - Sozialen Union;felixschreiner;person
11004884;Schrodi;Michael;20;Fraktion der Sozialdemokratischen Partei Deutschlands;mischrodi;person
11004888;Schulz;Uwe;20;Alternative für Deutschland;Uwe_Schulz_AfD;person
11004890;Seestern-Pauly;Matthias;20;Fraktion der Freien Demokratischen Partei;mseesternpauly;person
11004891;Seitz;Thomas;20;Alternative für Deutschland;Th_Seitz_AfD;person
11004892;Sichert;Martin;20;Alternative für Deutschland;Martin_Sichert;person
11004893;Simon;Björn;20;Fraktion der Christlich Demokratischen Union/Christlich - Sozialen Union;BjoernSimon;person
11004899;Spaniel;Dirk;20;Alternative für Deutschland;DirkSpaniel;person
11004900;Springer;René;20;Alternative für Deutschland;Rene_Springer;person
11004901;Staffler;Katrin;20;Fraktion der Christlich Demokratischen Union/Christlich - Sozialen Union;katrin_staffler;person
11004902;Stark-Watzinger;Bettina;20;Fraktion der Freien Demokratischen Partei;starkwatzinger;person
11004904;Stein;Mathias;20;Fraktion der Sozialdemokratischen Partei Deutschlands;stonie_kiel;person
11004905;Storch;Beatrix;20;Alternative für Deutschland;Beatrix_vStorch;person
11004906;Strack-Zimmermann;Marie-Agnes;20;Fraktion der Freien Demokratischen Partei;MAStrackZi;person
11004908;Strasser;Benjamin;20;Fraktion der Freien Demokratischen Partei;bstrasser;person
11004911;Tatti;Jessica;20;Fraktion DIE LINKE.;jessica_tatti;person
11004912;Tebroke;Hermann-Josef;20;Fraktion der Christlich Demokratischen Union/Christlich - Sozialen Union;;person
11004913;Teuteberg;Linda;20;Fraktion der Freien Demokratischen Partei;LindaTeuteberg;person
11004914;Theurer;Michael;20;Fraktion der Freien Demokratischen Partei;EUTheurer;person
11004915;Thies;Hans-Jürgen;20;Fraktion der Christlich Demokratischen Union/Christlich - Sozialen Union;;person
11004917;Throm;Alexander;20;Fraktion der Christlich Demokratischen Union/Christlich - Sozialen Union;alexander_throm;person
11004921;Töns;Markus;20;Fraktion der Sozialdemokratischen Partei Deutschlands;;person
11004922;Ullmann;Andrew;20;Fraktion der Freien Demokratischen Partei;UllmannMdB;person
11004923;Ullrich;Gerald;20;Fraktion der Freien Demokratischen Partei;G_UllrichFDP;person
11004924;Vieregge;Kerstin;20;Fraktion der Christlich Demokratischen Union/Christlich - Sozialen Union;Kerstin_4egge;person
11004926;Vries;Christoph;20;Fraktion der Christlich Demokratischen Union/Christlich - Sozialen Union;VriesChristoph;person
11004929;Weeser;Sandra;20;Fraktion der Freien Demokratischen Partei;sandra_weeser;person
11004930;Weidel;Alice;20;Alternative für Deutschland;Alice_Weidel;person
11004931;Westig;Nicole;20;Fraktion der Freien Demokratischen Partei;NicoleWestig;person
11004932;Weyel;Harald;20;Alternative für Deutschland;h_weyel;person
11004933;Wiehle;Wolfgang;20;Alternative für Deutschland;WolfgangWiehle;person
11004936;Wirth;Christian;20;Alternative für Deutschland;ChrWirthMdB;person
11004937;Witt;Uwe;20;Alternative für Deutschland;Witt_Uwe;person
11004938;Ziemiak;Paul;20;Fraktion der Christlich Demokratischen Union/Christlich - Sozialen Union;PaulZiemiak;person
11004941;Jensen;Gyde;20;Fraktion der Freien Demokratischen Partei;GydeJ;person
11004942;Völlers;Marja-Liisa;20;Fraktion der Sozialdemokratischen Partei Deutschlands;MarjaVoellers;person
11004947;Baradari;Nezahat;20;Fraktion der Sozialdemokratischen Partei Deutschlands;NBaradari;person
11004948;Heidt;Peter;20;Fraktion der Freien Demokratischen Partei;PeterHeidtFDP;person
11004949;Mackensen-Geis;Isabel;20;Fraktion der Sozialdemokratischen Partei Deutschlands;IsabelMackensen;person
11004950;Weingarten;Joe;20;Fraktion der Sozialdemokratischen Partei Deutschlands;DrJoeWeingarten;person
11004952;Hanke;Reginald;20;Fraktion der Freien Demokratischen Partei;;person
11004953;Lehmann;Sylvia;20;Fraktion der Sozialdemokratischen Partei Deutschlands;LehmannSpd;person
11004956;Bubendorfer-Licht;Sandra;20;Fraktion der Freien Demokratischen Partei;Bubendorferfdp;person
11004959;Martin;Dorothee;20;Fraktion der Sozialdemokratischen Partei Deutschlands;Doro_Martin;person
11004962;Dahmen;Janosch;20;Fraktion BÜNDNIS 90/DIE GRÜNEN;janoschdahmen;person
11004969;Emmerich;Marcel;20;Fraktion BÜNDNIS 90/DIE GRÜNEN;herr_emmerich;person
11005000;Abdi;Sanae;20;Fraktion der Sozialdemokratischen Partei Deutschlands;_sanaeabdi;person
11005001;Abel;Valentin;20;Fraktion der Freien Demokratischen Partei;Valentin_C_Abel;person
11005002;Abraham;Knut;20;Fraktion der Christlich Demokratischen Union/Christlich - Sozialen Union;Knut_Abraham;person
11005003;Adler;Katja;20;Fraktion der Freien Demokratischen Partei;katjadler;person
11005004;Aeffner;Stephanie;20;Fraktion BÜNDNIS 90/DIE GRÜNEN;s_aeffner;person
11005005;Ahmetovic;Adis;20;Fraktion der Sozialdemokratischen Partei Deutschlands;;person
11005006;Alabali-Radovan;Reem;20;Fraktion der Sozialdemokratischen Partei Deutschlands;ReemAlabali;person
11005007;Al-Dailami;Ali;20;Fraktion DIE LINKE.;ali_aldailami;person
11005008;Al-Halak;Muhanad;20;Fraktion der Freien Demokratischen Partei;HalakMuhanad;person
11005009;Andres;Dagmar;20;Fraktion der Sozialdemokratischen Partei Deutschlands;DagmarAndres;person
11005010;Arlt;Johannes;20;Fraktion der Sozialdemokratischen Partei Deutschlands;arlt_johannes;person
11005011;Audretsch;Andreas;20;Fraktion BÜNDNIS 90/DIE GRÜNEN;AnAudretsch;person
11005012;Außendorf;Maik;20;Fraktion BÜNDNIS 90/DIE GRÜNEN;maik_aussendorf;person
11005013;Bacherle;Tobias;20;Fraktion BÜNDNIS 90/DIE GRÜNEN;TBBacherle;person
11005014;Bachmann;Carolin;20;Alternative für Deutschland;;person
11005015;Baldy;Daniel;20;Fraktion der Sozialdemokratischen Partei Deutschlands;baldy_daniel;person
11005016;Banaszak;Felix;20;Fraktion BÜNDNIS 90/DIE GRÜNEN;fbanaszak;person
11005017;Bär;Karl;20;Fraktion BÜNDNIS 90/DIE GRÜNEN;karlbaer;person
11005018;Baum;Christina;20;Alternative für Deutschland;DrChristinaBaum;person
11005019;Beck;Katharina;20;Fraktion BÜNDNIS 90/DIE GRÜNEN;kathabeck;person
11005020;Beckamp;Roger;20;Alternative für Deutschland;RogerBeckamp;person
11005021;Becker;Holger;20;Fraktion der Sozialdemokratischen Partei Deutschlands;Holger_SciTec;person
11005022;Benner;Lukas;20;Fraktion BÜNDNIS 90/DIE GRÜNEN;LukasBenner_;person
11005023;Berghahn;Jürgen;20;Fraktion der Sozialdemokratischen Partei Deutschlands;;person
11005024;Bergt;Bengt;20;Fraktion der Sozialdemokratischen Partei Deutschlands;BengtBergt;person
11005025;Blankenburg;Jakob;20;Fraktion der Sozialdemokratischen Partei Deutschlands;JakobBla;person
11005026;Bochmann;René;20;Alternative für Deutschland;;person
11005027;Bodtke;Ingo;20;Fraktion der Freien Demokratischen Partei;IngoBodtke;person
11005028;Boginski;Friedhelm;20;Fraktion der Freien Demokratischen Partei;f_boginski;person
11005029;Bollmann;Gereon;20;Alternative für Deutschland;;person
11005030;Borchardt;Simone;20;Fraktion der Christlich Demokratischen Union/Christlich - Sozialen Union;;person
11005031;Brandes;Dirk;20;Alternative für Deutschland;;person
11005032;Breilmann;Michael;20;Fraktion der Christlich Demokratischen Union/Christlich - Sozialen Union;m_breilmann;person
11005033;Bröhr;Marlon;20;Fraktion der Christlich Demokratischen Union/Christlich - Sozialen Union;therealmarlonb1;person
11005034;Bsirske;Frank;20;Fraktion BÜNDNIS 90/DIE GRÜNEN;FBsirske;person
11005035;Bury;Yannick;20;Fraktion der Christlich Demokratischen Union/Christlich - Sozialen Union;YannickBury;person
11005036;Cademartori Dujisin;Isabel;20;Fraktion der Sozialdemokratischen Partei Deutschlands;isacademartori;person
11005037;Czaja;Mario;20;Fraktion der Christlich Demokratischen Union/Christlich - Sozialen Union;MarioCzaja;person
11005038;Demir;Hakan;20;Fraktion der Sozialdemokratischen Partei Deutschlands;HakanDemirNK;person
11005039;Detzer;Sandra;20;Fraktion BÜNDNIS 90/DIE GRÜNEN;detzer_sandra;person
11005040;Diedenhofen;Martin;20;Fraktion der Sozialdemokratischen Partei Deutschlands;MDiedenhofen;person
11005041;Dieren;Jan;20;Fraktion der Sozialdemokratischen Partei Deutschlands;JanUlrichDieren;person
11005042;Dietz;Thomas;20;Alternative für Deutschland;ThomasDietz_MdB;person
11005043;Döring;Felix;20;Fraktion der Sozialdemokratischen Partei Deutschlands;;person
11005044;Droßmann;Falko;20;Fraktion der Sozialdemokratischen Partei Deutschlands;;person
11005045;Düring;Deborah;20;Fraktion BÜNDNIS 90/DIE GRÜNEN;DeborahDuering;person
11005046;Echeverria;Axel;20;Fraktion der Sozialdemokratischen Partei Deutschlands;;person
11005047;Eckert;Leon;20;Fraktion BÜNDNIS 90/DIE GRÜNEN;Leckert_;person
11005048;Edelhäußer;Ralph;20;Fraktion der Christlich Demokratischen Union/Christlich - Sozialen Union;;person
11005049;Eichwede;Sonja;20;Fraktion der Sozialdemokratischen Partei Deutschlands;sonjaeichwede;person
11005050;Engelhard;Alexander;20;Fraktion der Christlich Demokratischen Union/Christlich - Sozialen Union;;person
11005051;Engelhardt;Heike;20;Fraktion der Sozialdemokratischen Partei Deutschlands;HERavensburg;person
11005052;Englhardt-Kopf;Martina;20;Fraktion der Christlich Demokratischen Union/Christlich - Sozialen Union;EnglhardtKopf;person
11005053;Farle;Robert;20;Alternative für Deutschland;robert_farle;person
11005054;Fäscher;Ariane;20;Fraktion der Sozialdemokratischen Partei Deutschlands;ArianeFaescher;person
11005055;Fester;Emilia;20;Fraktion BÜNDNIS 90/DIE GRÜNEN;emiliafester;person
11005056;Fiedler;Sebastian;20;Fraktion der Sozialdemokratischen Partei Deutschlands;fiedelseb;person
11005057;Funke;Fabian;20;Fraktion der Sozialdemokratischen Partei Deutschlands;funke_fabian;person
11005058;Funke-Kaiser;Maximilian;20;Fraktion der Freien Demokratischen Partei;max_fksr;person
11005059;Gambir;Schahina;20;Fraktion BÜNDNIS 90/DIE GRÜNEN;schahinag;person
11005060;Ganserer;Tessa;20;Fraktion BÜNDNIS 90/DIE GRÜNEN;GansGruen;person
11005061;Gassner-Herz;Martin;20;Fraktion der Freien Demokratischen Partei;MartinGassner;person
11005062;Gava;Manuel;20;Fraktion der Sozialdemokratischen Partei Deutschlands;;person
11005063;Geissler;Jonas;20;Fraktion der Christlich Demokratischen Union/Christlich - Sozialen Union;GeisslerJonas;person
11005064;Gerschau;Knut;20;Fraktion der Freien Demokratischen Partei;;person
11005065;Gesenhues;Jan-Niclas;20;Fraktion BÜNDNIS 90/DIE GRÜNEN;JN_Gesenhues;person
11005066;Gnauck;Hannes;20;Alternative für Deutschland;Hannes_Gnauck;person
11005067;Görke;Christian;20;Fraktion DIE LINKE.;goerke_c;person
11005068;Gramling;Fabian;20;Fraktion der Christlich Demokratischen Union/Christlich - Sozialen Union;FabianGramling;person
11005069;Gräßle;Ingeborg;20;Fraktion der Christlich Demokratischen Union/Christlich - Sozialen Union;inge_graessle;person
11005070;Grau;Armin;20;Fraktion BÜNDNIS 90/DIE GRÜNEN;ArminGrau;person
11005071;Grützmacher;Sabine;20;Fraktion BÜNDNIS 90/DIE GRÜNEN;S_Gruetzmacher;person
11005072;Güler;Serap;20;Fraktion der Christlich Demokratischen Union/Christlich - Sozialen Union;SerapGueler;person
11005073;Gürpinar;Ates;20;Fraktion DIE LINKE.;AtesGuerpinar;person
11005074;Habeck;Robert;20;Fraktion BÜNDNIS 90/DIE GRÜNEN;;person
11005075;Hartewig;Philipp;20;Fraktion der Freien Demokratischen Partei;philipphartewig;person
11005076;Harzer;Ulrike;20;Fraktion der Freien Demokratischen Partei;HarzerUlrike;person
11005077;Heiligenstadt;Frauke;20;Fraktion der Sozialdemokratischen Partei Deutschlands;FHeiligenstadt;person
11005078;Heitmann;Linda;20;Fraktion BÜNDNIS 90/DIE GRÜNEN;linda_lobster;person
11005079;Helferich;Matthias;20;Fraktionslos;MatthiasMdb;person
11005080;Henneberger;Kathrin;20;Fraktion BÜNDNIS 90/DIE GRÜNEN;KathrinAnna;person
11005081;Hennig;Anke;20;Fraktion der Sozialdemokratischen Partei Deutschlands;AnkeHennigSPD;person
11005082;Hennig-Wellsow;Susanne;20;Fraktion DIE LINKE.;SusanneHennig;person
11005083;Herrmann;Bernhard;20;Fraktion BÜNDNIS 90/DIE GRÜNEN;BHerrmann_;person
11005084;Heselhaus;Nadine;20;Fraktion der Sozialdemokratischen Partei Deutschlands;NHeselhaus;person
11005085;Hierl;Susanne;20;Fraktion der Christlich Demokratischen Union/Christlich - Sozialen Union;HierlSusanne;person
11005086;Hönel;Bruno;20;Fraktion BÜNDNIS 90/DIE GRÜNEN;Bruno_Hoenel;person
11005087;Hoppermann;Franziska;20;Fraktion der Christlich Demokratischen Union/Christlich - Sozialen Union;FHoppermann;person
11005088;Hostert;Jasmina;20;Fraktion der Sozialdemokratischen Partei Deutschlands;JasminaHostert;person
11005089;Hubertz;Verena;20;Fraktion der Sozialdemokratischen Partei Deutschlands;verenahubertz;person
11005090;Hümpfer;Markus;20;Fraktion der Sozialdemokratischen Partei Deutschlands;HumpferMarkus;person
11005091;Huy;Gerrit;20;Alternative für Deutschland;GerritHuy;person
11005092;Janich;Steffen;20;Alternative für Deutschland;;person
11005093;Janssen;Anne;20;Fraktion der Christlich Demokratischen Union/Christlich - Sozialen Union;;person
11005094;Jurisch;Ann-Veruschka;20;Fraktion der Freien Demokratischen Partei;avjurisch;person
11005095;Kaddor;Lamya;20;Fraktion BÜNDNIS 90/DIE GRÜNEN;LamyaKaddor;person
11005096;Karaahmetoğlu;Macit;20;Fraktion der Sozialdemokratischen Partei Deutschlands;Macit_SPD;person
11005097;Kasper;Carlos;20;Fraktion der Sozialdemokratischen Partei Deutschlands;CarlosKasperMdB;person
11005098;Kassautzki;Anna;20;Fraktion der Sozialdemokratischen Partei Deutschlands;annakassautzki;person
11005099;Kaufmann;Malte;20;Alternative für Deutschland;MalteKaufmann;person
11005100;Kaufmann;Michael;20;Alternative für Deutschland;KaufmannAfD;person
11005101;Keller;Rainer Johannes;20;Fraktion der Sozialdemokratischen Partei Deutschlands;RainerKellerWES;person
11005102;Kellner;Michael;20;Fraktion BÜNDNIS 90/DIE GRÜNEN;MiKellner;person
11005103;Kersten;Franziska;20;Fraktion der Sozialdemokratischen Partei Deutschlands;FKerstenMdB;person
11005104;Khan;Misbah;20;Fraktion BÜNDNIS 90/DIE GRÜNEN;Bina_Khan_;person
11005105;Kleebank;Helmut;20;Fraktion der Sozialdemokratischen Partei Deutschlands;helmut_kleebank;person
11005106;Klein;Ottilie;20;Fraktion der Christlich Demokratischen Union/Christlich - Sozialen Union;Ottilie_Klein;person
11005107;Klinck;Kristian;20;Fraktion der Sozialdemokratischen Partei Deutschlands;;person
11005108;Klose;Annika;20;Fraktion der Sozialdemokratischen Partei Deutschlands;AnniKlose;person
11005109;Klüssendorf;Tim;20;Fraktion der Sozialdemokratischen Partei Deutschlands;timkluessendorf;person
11005110;König;Anne;20;Fraktion der Christlich Demokratischen Union/Christlich - Sozialen Union;AnneKoenig_;person
11005111;Kopf;Chantal;20;Fraktion BÜNDNIS 90/DIE GRÜNEN;chantal_kopf;person
11005112;Koß;Simona;20;Fraktion der Sozialdemokratischen Partei Deutschlands;SimonaMdB;person
11005113;Kraft;Laura;20;Fraktion BÜNDNIS 90/DIE GRÜNEN;laura_kraft_;person
11005114;Krämer;Philip;20;Fraktion BÜNDNIS 90/DIE GRÜNEN;PhiKraemer;person
11005115;Kreiser;Dunja;20;Fraktion der Sozialdemokratischen Partei Deutschlands;;person
11005116;Kröber;Martin;20;Fraktion der Sozialdemokratischen Partei Deutschlands;MartinKroeber;person
11005117;Kruse;Michael;20;Fraktion der Freien Demokratischen Partei;krusehamburg;person
11005118;Kuban;Tilman;20;Fraktion der Christlich Demokratischen Union/Christlich - Sozialen Union;TKuban96;person
11005119;Kühnert;Kevin;20;Fraktion der Sozialdemokratischen Partei Deutschlands;KuehniKev;person
11005120;Lahrkamp;Sarah;20;Fraktion der Sozialdemokratischen Partei Deutschlands;SLahrkamp;person
11005121;Lang;Ricarda;20;Fraktion BÜNDNIS 90/DIE GRÜNEN;Ricarda_Lang;person
11005122;Larem;Andreas;20;Fraktion der Sozialdemokratischen Partei Deutschlands;andreaslarem;person
11005123;Latendorf;Ina;20;Fraktion DIE LINKE.;;person
11005124;Leiser;Kevin;20;Fraktion der Sozialdemokratischen Partei Deutschlands;KLHohenlohe;person
11005125;Lenders;Jürgen;20;Fraktion der Freien Demokratischen Partei;JurgenLenders;person
11005126;Lenk;Barbara;20;Alternative für Deutschland;;person
11005127;Leye;Christian;20;Fraktion DIE LINKE.;christian_leye;person
11005128;Licina-Bode;Luiza;20;Fraktion der Sozialdemokratischen Partei Deutschlands;BodeLuiza;person
11005129;Lieb;Thorsten;20;Fraktion der Freien Demokratischen Partei;ThorstenLieb;person
11005130;Liebert;Anja;20;Fraktion BÜNDNIS 90/DIE GRÜNEN;anja_liebert;person
11005131;Limbacher;Esra;20;Fraktion der Sozialdemokratischen Partei Deutschlands;EsraLimbacher;person
11005132;Limburg;Helge;20;Fraktion BÜNDNIS 90/DIE GRÜNEN;Helge_Limburg;person
11005133;Loop;Denise;20;Fraktion BÜNDNIS 90/DIE GRÜNEN;denise_loop;person
11005134;Lucks;Max;20;Fraktion BÜNDNIS 90/DIE GRÜNEN;max_lucks;person
11005135;Lugk;Bettina;20;Fraktion der Sozialdemokratischen Partei Deutschlands;BettinaLugk;person
11005136;Lütke;Kristine;20;Fraktion der Freien Demokratischen Partei;kristine_lutke;person
11005137;Machalet;Tanja;20;Fraktion der Sozialdemokratischen Partei Deutschlands;TMachalet;person
11005138;Mack;Klaus;20;Fraktion der Christlich Demokratischen Union/Christlich - Sozialen Union;;person
11005139;Malottki;Erik;20;Fraktion der Sozialdemokratischen Partei Deutschlands;EVMGreifswald;person
11005140;Mann;Holger;20;Fraktion der Sozialdemokratischen Partei Deutschlands;HolgerMannLE;person
11005141;Mansoori;Kaweh;20;Fraktion der Sozialdemokratischen Partei Deutschlands;El_KaWeh_;person
11005142;Martens;Zanda;20;Fraktion der Sozialdemokratischen Partei Deutschlands;ZandaMartens;person
11005143;Marvi;Parsa;20;Fraktion der Sozialdemokratischen Partei Deutschlands;ParsaMarvi;person
11005144;Mascheck;Franziska;20;Fraktion der Sozialdemokratischen Partei Deutschlands;f_mascheck;person
11005145;Mayer;Zoe;20;Fraktion BÜNDNIS 90/DIE GRÜNEN;zoe_gruene;person
11005146;Mayer-Lay;Volker;20;Fraktion der Christlich Demokratischen Union/Christlich - Sozialen Union;VMayer_Lay;person
11005147;Mehltretter;Andreas;20;Fraktion der Sozialdemokratischen Partei Deutschlands;Mehli;person
11005148;Mehmet Ali;Takis;20;Fraktion der Sozialdemokratischen Partei Deutschlands;TakisMehmetAli;person
11005149;Menge;Susanne;20;Fraktion BÜNDNIS 90/DIE GRÜNEN;;person
11005150;Merten;Anikó;20;Fraktion der Freien Demokratischen Partei;AnikoMerten;person
11005151;Mesarosch;Robin;20;Fraktion der Sozialdemokratischen Partei Deutschlands;mesarosch;person
11005152;Michaelsen;Swantje Henrike;20;Fraktion BÜNDNIS 90/DIE GRÜNEN;SwantjeMichael1;person
11005153;Michel;Kathrin;20;Fraktion der Sozialdemokratischen Partei Deutschlands;Kthrn_Mchl_SPD;person
11005154;Mieves;Matthias David;20;Fraktion der Sozialdemokratischen Partei Deutschlands;;person
11005155;Mijatović;Boris;20;Fraktion BÜNDNIS 90/DIE GRÜNEN;borismijatovic;person
11005156;Moncsek;Mike;20;Alternative für Deutschland;Mike_Moncsek;person
11005157;Moosdorf;Matthias;20;Alternative für Deutschland;MMoosdorf;person
11005158;Mordhorst;Maximilian;20;Fraktion der Freien Demokratischen Partei;maxmordhorst;person
11005159;Mörseburg;Maximilian;20;Fraktion der Christlich Demokratischen Union/Christlich - Sozialen Union;maxmoerseburg;person
11005160;Müller;Florian;20;Fraktion der Christlich Demokratischen Union/Christlich - Sozialen Union;FlorianMM;person
11005161;Müller;Michael;20;Fraktion der Sozialdemokratischen Partei Deutschlands;;person
11005162;Müller;Sascha;20;Fraktion BÜNDNIS 90/DIE GRÜNEN;SaschaMuller;person
11005163;Nacke;Stefan;20;Fraktion der Christlich Demokratischen Union/Christlich - Sozialen Union;;person
11005164;Nanni;Sara;20;Fraktion BÜNDNIS 90/DIE GRÜNEN;SaraNanni;person
11005165;Nasr;Rasha;20;Fraktion der Sozialdemokratischen Partei Deutschlands;rasha_nasr_;person
11005166;Naujok;Edgar;20;Alternative für Deutschland;edgar_naujok;person
11005167;Nick;Ophelia;20;Fraktion BÜNDNIS 90/DIE GRÜNEN;OpheliaNick;person
11005168;Nickholz;Brian;20;Fraktion der Sozialdemokratischen Partei Deutschlands;BrianNickholz;person
11005169;Nürnberger;Jörg;20;Fraktion der Sozialdemokratischen Partei Deutschlands;joergnurnberger;person
11005170;Oehl;Lennard;20;Fraktion der Sozialdemokratischen Partei Deutschlands;lennardoehl;person
11005171;Oppelt;Moritz;20;Fraktion der Christlich Demokratischen Union/Christlich - Sozialen Union;MoritzOppelt;person
11005172;Otte;Karoline;20;Fraktion BÜNDNIS 90/DIE GRÜNEN;karo_otte;person
11005173;Pahlke;Julian;20;Fraktion BÜNDNIS 90/DIE GRÜNEN;J_Pahlke;person
11005174;Pantazis;Christos;20;Fraktion der Sozialdemokratischen Partei Deutschlands;Dr_Pantazis;person
11005175;Papenbrock;Wiebke;20;Fraktion der Sozialdemokratischen Partei Deutschlands;;person
11005176;Papendieck;Mathias;20;Fraktion der Sozialdemokratischen Partei Deutschlands;M_Papendieck;person
11005177;Pawlik;Natalie;20;Fraktion der Sozialdemokratischen Partei Deutschlands;natalie_pawlik;person
11005178;Peick;Jens;20;Fraktion der Sozialdemokratischen Partei Deutschlands;JensPeick;person
11005179;Philippi;Andreas;20;Fraktion der Sozialdemokratischen Partei Deutschlands;PhilippiSpd;person
11005180;Piechotta;Paula;20;Fraktion BÜNDNIS 90/DIE GRÜNEN;PaulaPiechotta;person
11005181;Plobner;Jan;20;Fraktion der Sozialdemokratischen Partei Deutschlands;JanPlobner;person
11005182;Plum;Martin;20;Fraktion der Christlich Demokratischen Union/Christlich - Sozialen Union;MartinPlumMdB;person
11005183;Redder;Volker;20;Fraktion der Freien Demokratischen Partei;docredder;person
11005184;Rehbaum;Henning;20;Fraktion der Christlich Demokratischen Union/Christlich - Sozialen Union;HenningRehbaum;person
11005185;Reichel;Markus;20;Fraktion der Christlich Demokratischen Union/Christlich - Sozialen Union;MarkusReichelDD;person
11005186;Reichinnek;Heidi;20;Fraktion DIE LINKE.;HeidiReichinnek;person
11005187;Reinalter;Anja;20;Fraktion BÜNDNIS 90/DIE GRÜNEN;;person
11005188;Rhie;Ye-One;20;Fraktion der Sozialdemokratischen Partei Deutschlands;YeOne_Rhie;person
11005189;Rinck;Frank;20;Alternative für Deutschland;;person
11005190;Rohwer;Lars;20;Fraktion der Christlich Demokratischen Union/Christlich - Sozialen Union;;person
11005191;Roloff;Sebastian;20;Fraktion der Sozialdemokratischen Partei Deutschlands;SebRoloff;person
11005192;Rosenthal;Jessica;20;Fraktion der Sozialdemokratischen Partei Deutschlands;jessi_rosenthal;person
11005193;Röwekamp;Thomas;20;Fraktion der Christlich Demokratischen Union/Christlich - Sozialen Union;TR_Bremen;person
11005194;Rudolph;Thorsten;20;Fraktion der Sozialdemokratischen Partei Deutschlands;jethoru;person
11005195;Rudolph;Tina;20;Fraktion der Sozialdemokratischen Partei Deutschlands;;person
11005197;Taher Saleh;Kassem;20;Fraktion BÜNDNIS 90/DIE GRÜNEN;kassem_ts;person
11005198;Santos Firnhaber;Catarina;20;Fraktion der Christlich Demokratischen Union/Christlich - Sozialen Union;CatarinaDosSa;person
11005199;Schäfer;Ingo;20;Fraktion der Sozialdemokratischen Partei Deutschlands;ingoschaeferspd;person
11005200;Schäfer;Jamila;20;Fraktion BÜNDNIS 90/DIE GRÜNEN;jamila_anna;person
11005201;Schäfer;Sebastian;20;Fraktion BÜNDNIS 90/DIE GRÜNEN;sebastian_es_;person
11005202;Schamber;Rebecca;20;Fraktion der Sozialdemokratischen Partei Deutschlands;;person
11005203;Schattner;Bernd;20;Alternative für Deutschland;Schattner_MdB;person
11005204;Schätzl;Johannes;20;Fraktion der Sozialdemokratischen Partei Deutschlands;SchaetzlJo;person
11005205;Schenderlein;Christiane;20;Fraktion der Christlich Demokratischen Union/Christlich - Sozialen Union;schenderleinmdb;person
11005206;Schierenbeck;Peggy;20;Fraktion der Sozialdemokratischen Partei Deutschlands;;person
11005207;Schisanowski;Timo;20;Fraktion der Sozialdemokratischen Partei Deutschlands;;person
11005208;Schmid;Christoph;20;Fraktion der Sozialdemokratischen Partei Deutschlands;kratermensch;person
11005209;Schmidt;Eugen;20;Alternative für Deutschland;AfDrus;person
11005210;Schmidt;Jan Wenzel;20;Alternative für Deutschland;jws_afd;person
11005211;Schneider;Daniel;20;Fraktion der Sozialdemokratischen Partei Deutschlands;schneider_cux;person
11005212;Schönberger;Marlene;20;Fraktion BÜNDNIS 90/DIE GRÜNEN;lime_green_leni;person
11005213;Schreider;Christian;20;Fraktion der Sozialdemokratischen Partei Deutschlands;;person
11005214;Schröder;Christina-Johanne;20;Fraktion BÜNDNIS 90/DIE GRÜNEN;cj_schroeder;person
11005215;Schröder;Ria;20;Fraktion der Freien Demokratischen Partei;ria_schroeder;person
11005216;Schulz;Anja;20;Fraktion der Freien Demokratischen Partei;_anja_schulz;person
11005217;Schulze;Svenja;20;Fraktion der Sozialdemokratischen Partei Deutschlands;SvenjaSchulze68;person
11005218;Schwarz;Armin;20;Fraktion der Christlich Demokratischen Union/Christlich - Sozialen Union;ArminSchwarz;person
11005219;Seidler;Stefan;20;Fraktionslos;stefan_seidler;person
11005220;Seiter;Stephan;20;Fraktion der Freien Demokratischen Partei;StSeiter;person
11005221;Seitzl;Lina;20;Fraktion der Sozialdemokratischen Partei Deutschlands;Lina_Seitzl;person
11005222;Sekmen;Melis;20;Fraktion BÜNDNIS 90/DIE GRÜNEN;Melis_S;person
11005223;Semet;Rainer;20;Fraktion der Freien Demokratischen Partei;RainerSemet;person
11005224;Slawik;Nyke;20;Fraktion BÜNDNIS 90/DIE GRÜNEN;nyke_slawik;person
11005225;Spallek;Anne Monika;20;Fraktion BÜNDNIS 90/DIE GRÜNEN;AnneSpallek;person
11005226;Spellerberg;Merle;20;Fraktion BÜNDNIS 90/DIE GRÜNEN;spellerberg_m;person
11005227;Stahr;Nina;20;Fraktion BÜNDNIS 90/DIE GRÜNEN;ninastahr;person
11005228;Steffen;Till;20;Fraktion BÜNDNIS 90/DIE GRÜNEN;till_steffen;person
11005229;Stegner;Ralf;20;Fraktion der Sozialdemokratischen Partei Deutschlands;Ralf_Stegner;person
11005230;Steinmüller;Hanna;20;Fraktion BÜNDNIS 90/DIE GRÜNEN;HanSteinmueller;person
11005231;Sthamer;Nadja;20;Fraktion der Sozialdemokratischen Partei Deutschlands;nadjasthamer;person
11005232;Stöber;Klaus;20;Alternative für Deutschland;;person
11005233;Stöcker;Diana;20;Fraktion der Christlich Demokratischen Union/Christlich - Sozialen Union;;person
11005234;Stockmeier;Konrad;20;Fraktion der Freien Demokratischen Partei;KonradStockmei1;person
11005235;Stumpp;Christina;20;Fraktion der Christlich Demokratischen Union/Christlich - Sozialen Union;;person
11005236;Stüwe;Ruppert;20;Fraktion der Sozialdemokratischen Partei Deutschlands;stuewer;person
11005237;Tesfaiesus;Awet;20;Fraktion BÜNDNIS 90/DIE GRÜNEN;AwetTesfaiesus;person
11005238;Teutrine;Jens;20;Fraktion der Freien Demokratischen Partei;jensteutrine;person
11005239;Tippelt;Nico;20;Fraktion der Freien Demokratischen Partei;NicoTippelt;person
11005240;Troff-Schaffarzyk;Anja;20;Fraktion der Sozialdemokratischen Partei Deutschlands;anja_troff;person
11005241;Türk-Nachbaur;Derya;20;Fraktion der Sozialdemokratischen Partei Deutschlands;derya_tn;person
11005242;Uhlig;Katrin;20;Fraktion BÜNDNIS 90/DIE GRÜNEN;katrinuhligbn;person
11005243;Ullrich;Frank;20;Fraktion der Sozialdemokratischen Partei Deutschlands;;person
11005244;Vogt;Oliver;20;Fraktion der Christlich Demokratischen Union/Christlich - Sozialen Union;;person
11005245;Wagener;Niklas;20;Fraktion BÜNDNIS 90/DIE GRÜNEN;WagenerNiklas;person
11005246;Wagener;Robin;20;Fraktion BÜNDNIS 90/DIE GRÜNEN;robinwagener;person
11005247;Wagner;Carolin;20;Fraktion der Sozialdemokratischen Partei Deutschlands;;person
11005248;Wagner;Johannes;20;Fraktion BÜNDNIS 90/DIE GRÜNEN;yooHannes;person
11005249;Wallstein;Maja;20;Fraktion der Sozialdemokratischen Partei Deutschlands;Krawallstein;person
11005250;Walter;Hannes;20;Fraktion der Sozialdemokratischen Partei Deutschlands;HannesWalterSPD;person
11005251;Wegge;Carmen;20;Fraktion der Sozialdemokratischen Partei Deutschlands;CarmenWegge;person
11005252;Wegling;Melanie;20;Fraktion der Sozialdemokratischen Partei Deutschlands;;person
11005253;Weishaupt;Saskia;20;Fraktion BÜNDNIS 90/DIE GRÜNEN;SaskiaLeaRaquel;person
11005254;Weiss;Maria-Lena;20;Fraktion der Christlich Demokratischen Union/Christlich - Sozialen Union;weisse_Lena;person
11005255;Wenzel;Stefan;20;Fraktion BÜNDNIS 90/DIE GRÜNEN;StefWenzel;person
11005256;Werner;Lena;20;Fraktion der Sozialdemokratischen Partei Deutschlands;thereallenzii;person
11005257;Wiener;Klaus;20;Fraktion der Christlich Demokratischen Union/Christlich - Sozialen Union;KlausWiener;person
11005258;Winkler;Tobias;20;Fraktion der Christlich Demokratischen Union/Christlich - Sozialen Union;TobiasWINKLER_;person
11005259;Winklmann;Tina;20;Fraktion BÜNDNIS 90/DIE GRÜNEN;TinaWinklmann;person
11005260;Wissler;Janine;20;Fraktion DIE LINKE.;Janine_Wissler;person
11005261;Wittmann;Mechthilde;20;Fraktion der Christlich Demokratischen Union/Christlich - Sozialen Union;;person
11005262;Wollmann;Herbert;20;Fraktion der Sozialdemokratischen Partei Deutschlands;;person
11005263;Wulf;Mareike Lotte;20;Fraktion der Christlich Demokratischen Union/Christlich - Sozialen Union;MareikeWulf;person
11005264;Wundrak;Joachim;20;Alternative für Deutschland;JoachimWundrak;person
11005265;Ziegler;Kay-Uwe;20;Alternative für Deutschland;KayUweZiegler71;person
11005266;Zippelius;Nicolas;20;Fraktion der Christlich Demokratischen Union/Christlich - Sozialen Union;NZippelius;person
11005267;Zorn;Armand;20;Fraktion der Sozialdemokratischen Partei Deutschlands;ArmandZorn;person
11005268;Zschau;Katrin;20;Fraktion der Sozialdemokratischen Partei Deutschlands;;person
11005273;Raffelhüschen;Claudia;20;Fraktion der Freien Demokratischen Partei;CRaffelhueschen;person
11005289;Bünger;Clara;20;Fraktion DIE LINKE.;C_AB_;person
