bundestag_id;nachname;vorname;wp;fraktion
11000756;Gysi;Gregor;20;Fraktion DIE LINKE.
11000975;Hüppe;Hubert;20;Fraktion der Christlich Demokratischen Union/Christlich - Sozialen Union
11001235;Kubicki;Wolfgang;20;Fraktion der Freien Demokratischen Partei
11001772;Ramsauer;Peter;20;Fraktion der Christlich Demokratischen Union/Christlich - Sozialen Union
11001938;Schäuble;Wolfgang;20;Fraktion der Christlich Demokratischen Union/Christlich - Sozialen Union
11002666;Gröhe;Hermann;20;Fraktion der Christlich Demokratischen Union/Christlich - Sozialen Union
11002667;Grund;Manfred;20;Fraktion der Christlich Demokratischen Union/Christlich - Sozialen Union
11002718;Laschet;Armin;20;Fraktion der Christlich Demokratischen Union/Christlich - Sozialen Union
11002720;Lemke;Steffi;20;Fraktion BÜNDNIS 90/DIE GRÜNEN
11002733;Meister;Michael;20;Fraktion der Christlich Demokratischen Union/Christlich - Sozialen Union
11002735;Merz;Friedrich;20;Fraktion der Christlich Demokratischen Union/Christlich - Sozialen Union
11002746;Özdemir;Cem;20;Fraktion BÜNDNIS 90/DIE GRÜNEN
11002754;Rachel;Thomas;20;Fraktion der Christlich Demokratischen Union/Christlich - Sozialen Union
11002765;Röttgen;Norbert;20;Fraktion der Christlich Demokratischen Union/Christlich - Sozialen Union
11002812;Straubinger;Max;20;Fraktion der Christlich Demokratischen Union/Christlich - Sozialen Union
11003034;Bartsch;Dietmar;20;Fraktion DIE LINKE.
11003068;Deligöz;Ekin;20;Fraktion BÜNDNIS 90/DIE GRÜNEN
11003124;Friedrich;Hans-Peter;20;Fraktion der Christlich Demokratischen Union/Christlich - Sozialen Union
11003132;Göring-Eckardt;Katrin;20;Fraktion BÜNDNIS 90/DIE GRÜNEN
11003142;Heil;Hubertus;20;Fraktion der Sozialdemokratischen Partei Deutschlands
11003162;Kramme;Anette;20;Fraktion der Sozialdemokratischen Partei Deutschlands
11003199;Nietan;Dietmar;20;Fraktion der Sozialdemokratischen Partei Deutschlands
11003206;Pau;Petra;20;Fraktion DIE LINKE.
11003212;Roth;Claudia;20;Fraktion BÜNDNIS 90/DIE GRÜNEN
11003213;Roth;Michael;20;Fraktion der Sozialdemokratischen Partei Deutschlands
11003218;Schneider;Carsten;20;Fraktion der Sozialdemokratischen Partei Deutschlands
11003231;Scholz;Olaf;20;Fraktion der Sozialdemokratischen Partei Deutschlands
11003246;Trittin;Jürgen;20;Fraktion BÜNDNIS 90/DIE GRÜNEN
11003259;Widmann-Mauz;Annette;20;Fraktion der Christlich Demokratischen Union/Christlich - Sozialen Union
11003264;Willsch;Klaus-Peter;20;Fraktion der Christlich Demokratischen Union/Christlich - Sozialen Union
11003440;Griese;Kerstin;20;Fraktion der Sozialdemokratischen Partei Deutschlands
11003496;Bartol;Sören;20;Fraktion der Sozialdemokratischen Partei Deutschlands
11003510;Braun;Helge;20;Fraktion der Christlich Demokratischen Union/Christlich - Sozialen Union
11003514;Connemann;Gitta;20;Fraktion der Christlich Demokratischen Union/Christlich - Sozialen Union
11003516;Dobrindt;Alexander;20;Fraktion der Christlich Demokratischen Union/Christlich - Sozialen Union
11003525;Ferlemann;Enak;20;Fraktion der Christlich Demokratischen Union/Christlich - Sozialen Union
11003530;Fricke;Otto;20;Fraktion der Freien Demokratischen Partei
11003541;Grosse-Brömer;Michael;20;Fraktion der Christlich Demokratischen Union/Christlich - Sozialen Union
11003542;Grübel;Markus;20;Fraktion der Christlich Demokratischen Union/Christlich - Sozialen Union
11003544;Gutting;Olav;20;Fraktion der Christlich Demokratischen Union/Christlich - Sozialen Union
11003545;Hagedorn;Bettina;20;Fraktion der Sozialdemokratischen Partei Deutschlands
11003551;Hennrich;Michael;20;Fraktion der Christlich Demokratischen Union/Christlich - Sozialen Union
11003566;Klöckner;Julia;20;Fraktion der Christlich Demokratischen Union/Christlich - Sozialen Union
11003573;Krichbaum;Gunther;20;Fraktion der Christlich Demokratischen Union/Christlich - Sozialen Union
11003574;Krings;Günter;20;Fraktion der Christlich Demokratischen Union/Christlich - Sozialen Union
11003576;Künast;Renate;20;Fraktion BÜNDNIS 90/DIE GRÜNEN
11003578;Kurth;Markus;20;Fraktion BÜNDNIS 90/DIE GRÜNEN
11003582;Lips;Patricia;20;Fraktion der Christlich Demokratischen Union/Christlich - Sozialen Union
11003584;Lötzsch;Gesine;20;Fraktion DIE LINKE.
11003585;Lührmann;Anna;20;Fraktion BÜNDNIS 90/DIE GRÜNEN
11003586;Bär;Dorothee;20;Fraktion der Christlich Demokratischen Union/Christlich - Sozialen Union
11003589;Mayer;Stephan;20;Fraktion der Christlich Demokratischen Union/Christlich - Sozialen Union
11003597;Müller;Stefan;20;Fraktion der Christlich Demokratischen Union/Christlich - Sozialen Union
11003599;Mützenich;Rolf;20;Fraktion der Sozialdemokratischen Partei Deutschlands
11003613;Ludwig;Daniela;20;Fraktion der Christlich Demokratischen Union/Christlich - Sozialen Union
11003620;Rupprecht;Albert;20;Fraktion der Christlich Demokratischen Union/Christlich - Sozialen Union
11003624;Schäfer;Axel;20;Fraktion der Sozialdemokratischen Partei Deutschlands
11003625;Scheuer;Andreas;20;Fraktion der Christlich Demokratischen Union/Christlich - Sozialen Union
11003636;Silberhorn;Thomas;20;Fraktion der Christlich Demokratischen Union/Christlich - Sozialen Union
11003638;Spahn;Jens;20;Fraktion der Christlich Demokratischen Union/Christlich - Sozialen Union
11003639;Stetten;Christian;20;Fraktion der Christlich Demokratischen Union/Christlich - Sozialen Union
11003643;Storjohann;Gero;20;Fraktion der Christlich Demokratischen Union/Christlich - Sozialen Union
11003646;Tillmann;Antje;20;Fraktion der Christlich Demokratischen Union/Christlich - Sozialen Union
11003655;Wanderwitz;Marco;20;Fraktion der Christlich Demokratischen Union/Christlich - Sozialen Union
11003702;Wissing;Volker;20;Fraktion der Freien Demokratischen Partei
11003706;Auernhammer;Artur;20;Fraktion der Christlich Demokratischen Union/Christlich - Sozialen Union
11003710;Kofler;Bärbel;20;Fraktion der Sozialdemokratischen Partei Deutschlands
11003715;Klingbeil;Lars;20;Fraktion der Sozialdemokratischen Partei Deutschlands
11003732;Annen;Niels;20;Fraktion der Sozialdemokratischen Partei Deutschlands
11003734;Bareiß;Thomas;20;Fraktion der Christlich Demokratischen Union/Christlich - Sozialen Union
11003742;Brand;Michael;20;Fraktion der Christlich Demokratischen Union/Christlich - Sozialen Union
11003746;Dağdelen;Sevim;20;Fraktion DIE LINKE.
11003753;Ernst;Klaus;20;Fraktion DIE LINKE.
11003756;Gehring;Kai;20;Fraktion BÜNDNIS 90/DIE GRÜNEN
11003758;Gerster;Martin;20;Fraktion der Sozialdemokratischen Partei Deutschlands
11003761;Grütters;Monika;20;Fraktion der Christlich Demokratischen Union/Christlich - Sozialen Union
11003764;Haßelmann;Britta;20;Fraktion BÜNDNIS 90/DIE GRÜNEN
11003772;Hofreiter;Anton;20;Fraktion BÜNDNIS 90/DIE GRÜNEN
11003780;Jung;Andreas;20;Fraktion der Christlich Demokratischen Union/Christlich - Sozialen Union
11003782;Juratovic;Josip;20;Fraktion der Sozialdemokratischen Partei Deutschlands
11003786;Kipping;Katja;20;Fraktion DIE LINKE.
11003789;Koeppen;Jens;20;Fraktion der Christlich Demokratischen Union/Christlich - Sozialen Union
11003790;Korte;Jan;20;Fraktion DIE LINKE.
11003797;Lauterbach;Karl;20;Fraktion der Sozialdemokratischen Partei Deutschlands
11003799;Lehrieder;Paul;20;Fraktion der Christlich Demokratischen Union/Christlich - Sozialen Union
11003802;Link;Michael Georg;20;Fraktion der Freien Demokratischen Partei
11003804;Mast;Katja;20;Fraktion der Sozialdemokratischen Partei Deutschlands
11003809;Miersch;Matthias;20;Fraktion der Sozialdemokratischen Partei Deutschlands
11003815;Müller;Carsten;20;Fraktion der Christlich Demokratischen Union/Christlich - Sozialen Union
11003816;Müller;Detlef;20;Fraktion der Sozialdemokratischen Partei Deutschlands
11003821;Otte;Henning;20;Fraktion der Christlich Demokratischen Union/Christlich - Sozialen Union
11003830;Rix;Sönke;20;Fraktion der Sozialdemokratischen Partei Deutschlands
11003834;Schäffler;Frank;20;Fraktion der Freien Demokratischen Partei
11003838;Schieder;Marianne;20;Fraktion der Sozialdemokratischen Partei Deutschlands
11003846;Schwabe;Frank;20;Fraktion der Sozialdemokratischen Partei Deutschlands
11003847;Schwarzelühr-Sutter;Rita;20;Fraktion der Sozialdemokratischen Partei Deutschlands
11003848;Sitte;Petra;20;Fraktion DIE LINKE.
11003856;Toncar;Florian;20;Fraktion der Freien Demokratischen Partei
11003858;Ulrich;Alexander;20;Fraktion DIE LINKE.
11003865;Winkelmeier-Becker;Elisabeth;20;Fraktion der Christlich Demokratischen Union/Christlich - Sozialen Union
11003881;Nouripour;Omid;20;Fraktion BÜNDNIS 90/DIE GRÜNEN
11003888;Strengmann-Kuhn;Wolfgang;20;Fraktion BÜNDNIS 90/DIE GRÜNEN
11003890;Hirte;Christian;20;Fraktion der Christlich Demokratischen Union/Christlich - Sozialen Union
11004003;Aschenberg-Dugnus;Christine;20;Fraktion der Freien Demokratischen Partei
11004004;Aumer;Peter;20;Fraktion der Christlich Demokratischen Union/Christlich - Sozialen Union
11004006;Bas;Bärbel;20;Fraktion der Sozialdemokratischen Partei Deutschlands
11004010;Beyer;Peter;20;Fraktion der Christlich Demokratischen Union/Christlich - Sozialen Union
11004011;Bilger;Steffen;20;Fraktion der Christlich Demokratischen Union/Christlich - Sozialen Union
11004012;Birkwald;Matthias W.;20;Fraktion DIE LINKE.
11004018;Brandl;Reinhard;20;Fraktion der Christlich Demokratischen Union/Christlich - Sozialen Union
11004019;Brehmer;Heike;20;Fraktion der Christlich Demokratischen Union/Christlich - Sozialen Union
11004021;Brinkhaus;Ralph;20;Fraktion der Christlich Demokratischen Union/Christlich - Sozialen Union
11004023;Buschmann;Marco;20;Fraktion der Freien Demokratischen Partei
11004029;Djir-Sarai;Bijan;20;Fraktion der Freien Demokratischen Partei
11004033;Franke;Edgar;20;Fraktion der Sozialdemokratischen Partei Deutschlands
11004034;Frieser;Michael;20;Fraktion der Christlich Demokratischen Union/Christlich - Sozialen Union
11004036;Gädechens;Ingo;20;Fraktion der Christlich Demokratischen Union/Christlich - Sozialen Union
11004038;Gebhart;Thomas;20;Fraktion der Christlich Demokratischen Union/Christlich - Sozialen Union
11004039;Gerdes;Michael;20;Fraktion der Sozialdemokratischen Partei Deutschlands
11004041;Gohlke;Nicole;20;Fraktion DIE LINKE.
11004048;Hahn;Florian;20;Fraktion der Christlich Demokratischen Union/Christlich - Sozialen Union
11004050;Hardt;Jürgen;20;Fraktion der Christlich Demokratischen Union/Christlich - Sozialen Union
11004052;Heil;Mechthild;20;Fraktion der Christlich Demokratischen Union/Christlich - Sozialen Union
11004056;Heveling;Ansgar;20;Fraktion der Christlich Demokratischen Union/Christlich - Sozialen Union
11004057;Höferlin;Manuel;20;Fraktion der Freien Demokratischen Partei
11004060;Hunko;Andrej;20;Fraktion DIE LINKE.
11004061;Jarzombek;Thomas;20;Fraktion der Christlich Demokratischen Union/Christlich - Sozialen Union
11004063;Kaczmarek;Oliver;20;Fraktion der Sozialdemokratischen Partei Deutschlands
11004067;Keul;Katja;20;Fraktion BÜNDNIS 90/DIE GRÜNEN
11004068;Kiesewetter;Roderich;20;Fraktion der Christlich Demokratischen Union/Christlich - Sozialen Union
11004070;Kindler;Sven-Christian;20;Fraktion BÜNDNIS 90/DIE GRÜNEN
11004071;Klein;Volkmar;20;Fraktion der Christlich Demokratischen Union/Christlich - Sozialen Union
11004072;Klein-Schmeink;Maria;20;Fraktion BÜNDNIS 90/DIE GRÜNEN
11004073;Knoerig;Axel;20;Fraktion der Christlich Demokratischen Union/Christlich - Sozialen Union
11004075;Kober;Pascal;20;Fraktion der Freien Demokratischen Partei
11004081;Krischer;Oliver;20;Fraktion BÜNDNIS 90/DIE GRÜNEN
11004087;Lange;Ulrich;20;Fraktion der Christlich Demokratischen Union/Christlich - Sozialen Union
11004088;Lay;Caren;20;Fraktion DIE LINKE.
11004091;Lenkert;Ralph;20;Fraktion DIE LINKE.
11004095;Lindemann;Lars;20;Fraktion der Freien Demokratischen Partei
11004097;Lindner;Christian;20;Fraktion der Freien Demokratischen Partei
11004098;Linnemann;Carsten;20;Fraktion der Christlich Demokratischen Union/Christlich - Sozialen Union
11004100;Luczak;Jan-Marco;20;Fraktion der Christlich Demokratischen Union/Christlich - Sozialen Union
11004102;Luksic;Oliver;20;Fraktion der Freien Demokratischen Partei
11004103;Lutze;Thomas;20;Fraktion DIE LINKE.
11004106;Brugger;Agnieszka;20;Fraktion BÜNDNIS 90/DIE GRÜNEN
11004108;Mattfeldt;Andreas;20;Fraktion der Christlich Demokratischen Union/Christlich - Sozialen Union
11004110;Middelberg;Mathias;20;Fraktion der Christlich Demokratischen Union/Christlich - Sozialen Union
11004111;Möhring;Cornelia;20;Fraktion DIE LINKE.
11004113;Monstadt;Dietrich;20;Fraktion der Christlich Demokratischen Union/Christlich - Sozialen Union
11004116;Schön;Nadine;20;Fraktion der Christlich Demokratischen Union/Christlich - Sozialen Union
11004117;Müller-Gemmeke;Beate;20;Fraktion BÜNDNIS 90/DIE GRÜNEN
11004119;Nestle;Ingrid;20;Fraktion BÜNDNIS 90/DIE GRÜNEN
11004123;Notz;Konstantin;20;Fraktion BÜNDNIS 90/DIE GRÜNEN
11004124;Özoğuz;Aydan;20;Fraktion der Sozialdemokratischen Partei Deutschlands
11004127;Paus;Lisa;20;Fraktion BÜNDNIS 90/DIE GRÜNEN
11004136;Rief;Josef;20;Fraktion der Christlich Demokratischen Union/Christlich - Sozialen Union
11004138;Rößner;Tabea;20;Fraktion BÜNDNIS 90/DIE GRÜNEN
11004139;Rüddel;Erwin;20;Fraktion der Christlich Demokratischen Union/Christlich - Sozialen Union
11004146;Schnieder;Patrick;20;Fraktion der Christlich Demokratischen Union/Christlich - Sozialen Union
11004150;Schwartze;Stefan;20;Fraktion der Sozialdemokratischen Partei Deutschlands
11004152;Seif;Detlef;20;Fraktion der Christlich Demokratischen Union/Christlich - Sozialen Union
11004159;Skudelny;Judith;20;Fraktion der Freien Demokratischen Partei
11004168;Stier;Dieter;20;Fraktion der Christlich Demokratischen Union/Christlich - Sozialen Union
11004169;Stracke;Stephan;20;Fraktion der Christlich Demokratischen Union/Christlich - Sozialen Union
11004175;Thomae;Stephan;20;Fraktion der Freien Demokratischen Partei
11004179;Vogel;Johannes;20;Fraktion der Freien Demokratischen Partei
11004181;Vogler;Kathrin;20;Fraktion DIE LINKE.
11004182;Wadephul;Johann David;20;Fraktion der Christlich Demokratischen Union/Christlich - Sozialen Union
11004183;Wagenknecht;Sahra;20;Fraktion DIE LINKE.
11004187;Weiss;Sabine;20;Fraktion der Christlich Demokratischen Union/Christlich - Sozialen Union
11004215;Ebner;Harald;20;Fraktion BÜNDNIS 90/DIE GRÜNEN
11004217;Lindner;Tobias;20;Fraktion BÜNDNIS 90/DIE GRÜNEN
11004221;Walter-Rosenheimer;Beate;20;Fraktion BÜNDNIS 90/DIE GRÜNEN
11004222;Todtenhausen;Manfred;20;Fraktion der Freien Demokratischen Partei
11004226;Hellmich;Wolfgang;20;Fraktion der Sozialdemokratischen Partei Deutschlands
11004229;Reinhold;Hagen;20;Fraktion der Freien Demokratischen Partei
11004241;Albani;Stephan;20;Fraktion der Christlich Demokratischen Union/Christlich - Sozialen Union
11004243;Amtsberg;Luise;20;Fraktion BÜNDNIS 90/DIE GRÜNEN
11004244;Baehrens;Heike;20;Fraktion der Sozialdemokratischen Partei Deutschlands
11004245;Baerbock;Annalena;20;Fraktion BÜNDNIS 90/DIE GRÜNEN
11004246;Bahr;Ulrike;20;Fraktion der Sozialdemokratischen Partei Deutschlands
11004252;Berghegger;André;20;Fraktion der Christlich Demokratischen Union/Christlich - Sozialen Union
11004255;Brantner;Franziska;20;Fraktion BÜNDNIS 90/DIE GRÜNEN
11004257;Castellucci;Lars;20;Fraktion der Sozialdemokratischen Partei Deutschlands
11004258;Daldrup;Bernhard;20;Fraktion der Sozialdemokratischen Partei Deutschlands
11004259;Diaby;Karamba;20;Fraktion der Sozialdemokratischen Partei Deutschlands
11004261;Dittmar;Sabine;20;Fraktion der Sozialdemokratischen Partei Deutschlands
11004262;Donth;Michael;20;Fraktion der Christlich Demokratischen Union/Christlich - Sozialen Union
11004263;Dröge;Katharina;20;Fraktion BÜNDNIS 90/DIE GRÜNEN
11004264;Durz;Hansjörg;20;Fraktion der Christlich Demokratischen Union/Christlich - Sozialen Union
11004267;Esken;Saskia;20;Fraktion der Sozialdemokratischen Partei Deutschlands
11004269;Färber;Hermann;20;Fraktion der Christlich Demokratischen Union/Christlich - Sozialen Union
11004270;Fechner;Johannes;20;Fraktion der Sozialdemokratischen Partei Deutschlands
11004271;Feiler;Uwe;20;Fraktion der Christlich Demokratischen Union/Christlich - Sozialen Union
11004276;Frei;Thorsten;20;Fraktion der Christlich Demokratischen Union/Christlich - Sozialen Union
11004278;Gastel;Matthias;20;Fraktion BÜNDNIS 90/DIE GRÜNEN
11004282;Grötsch;Uli;20;Fraktion der Sozialdemokratischen Partei Deutschlands
11004283;Grundmann;Oliver;20;Fraktion der Christlich Demokratischen Union/Christlich - Sozialen Union
11004285;Güntzler;Fritz;20;Fraktion der Christlich Demokratischen Union/Christlich - Sozialen Union
11004286;Haase;Christian;20;Fraktion der Christlich Demokratischen Union/Christlich - Sozialen Union
11004287;Hagl-Kehl;Rita;20;Fraktion der Sozialdemokratischen Partei Deutschlands
11004288;Hahn;André;20;Fraktion DIE LINKE.
11004289;Hakverdi;Metin;20;Fraktion der Sozialdemokratischen Partei Deutschlands
11004291;Hartmann;Sebastian;20;Fraktion der Sozialdemokratischen Partei Deutschlands
11004292;Hauer;Matthias;20;Fraktion der Christlich Demokratischen Union/Christlich - Sozialen Union
11004294;Heck;Stefan;20;Fraktion der Christlich Demokratischen Union/Christlich - Sozialen Union
11004295;Heidenblut;Dirk;20;Fraktion der Sozialdemokratischen Partei Deutschlands
11004296;Heinrich;Gabriela;20;Fraktion der Sozialdemokratischen Partei Deutschlands
11004298;Helfrich;Mark;20;Fraktion der Christlich Demokratischen Union/Christlich - Sozialen Union
11004303;Hitschler;Thomas;20;Fraktion der Sozialdemokratischen Partei Deutschlands
11004304;Hoffmann;Alexander;20;Fraktion der Christlich Demokratischen Union/Christlich - Sozialen Union
11004305;Hoppenstedt;Hendrik;20;Fraktion der Christlich Demokratischen Union/Christlich - Sozialen Union
11004311;Irlstorfer;Erich;20;Fraktion der Christlich Demokratischen Union/Christlich - Sozialen Union
11004312;Janecek;Dieter;20;Fraktion BÜNDNIS 90/DIE GRÜNEN
11004317;Junge;Frank;20;Fraktion der Sozialdemokratischen Partei Deutschlands
11004323;Karliczek;Anja;20;Fraktion der Christlich Demokratischen Union/Christlich - Sozialen Union
11004325;Katzmarek;Gabriele;20;Fraktion der Sozialdemokratischen Partei Deutschlands
11004327;Kippels;Georg;20;Fraktion der Christlich Demokratischen Union/Christlich - Sozialen Union
11004328;Kiziltepe;Cansel;20;Fraktion der Sozialdemokratischen Partei Deutschlands
11004331;Koob;Markus;20;Fraktion der Christlich Demokratischen Union/Christlich - Sozialen Union
11004332;Körber;Carsten;20;Fraktion der Christlich Demokratischen Union/Christlich - Sozialen Union
11004333;Kühn;Christian;20;Fraktion BÜNDNIS 90/DIE GRÜNEN
11004336;Launert;Silke;20;Fraktion der Christlich Demokratischen Union/Christlich - Sozialen Union
11004337;Leikert;Katja;20;Fraktion der Christlich Demokratischen Union/Christlich - Sozialen Union
11004339;Lenz;Andreas;20;Fraktion der Christlich Demokratischen Union/Christlich - Sozialen Union
11004342;Lindholz;Andrea;20;Fraktion der Christlich Demokratischen Union/Christlich - Sozialen Union
11004346;Magwas;Yvonne;20;Fraktion der Christlich Demokratischen Union/Christlich - Sozialen Union
11004352;Metzler;Jan;20;Fraktion der Christlich Demokratischen Union/Christlich - Sozialen Union
11004353;Mihalic;Irene;20;Fraktion BÜNDNIS 90/DIE GRÜNEN
11004355;Mittag;Susanne;20;Fraktion der Sozialdemokratischen Partei Deutschlands
11004358;Müller;Bettina;20;Fraktion der Sozialdemokratischen Partei Deutschlands
11004359;Müntefering;Michelle;20;Fraktion der Sozialdemokratischen Partei Deutschlands
11004365;Oellers;Wilfried;20;Fraktion der Christlich Demokratischen Union/Christlich - Sozialen Union
11004366;Oßner;Florian;20;Fraktion der Christlich Demokratischen Union/Christlich - Sozialen Union
11004368;Özdemir;Mahmut;20;Fraktion der Sozialdemokratischen Partei Deutschlands
11004377;Poschmann;Sabine;20;Fraktion der Sozialdemokratischen Partei Deutschlands
11004378;Post;Achim;20;Fraktion der Sozialdemokratischen Partei Deutschlands
11004382;Radomski;Kerstin;20;Fraktion der Christlich Demokratischen Union/Christlich - Sozialen Union
11004383;Radwan;Alexander;20;Fraktion der Christlich Demokratischen Union/Christlich - Sozialen Union
11004384;Rainer;Alois;20;Fraktion der Christlich Demokratischen Union/Christlich - Sozialen Union
11004385;Renner;Martina;20;Fraktion DIE LINKE.
11004387;Rimkus;Andreas;20;Fraktion der Sozialdemokratischen Partei Deutschlands
11004388;Rohde;Dennis;20;Fraktion der Sozialdemokratischen Partei Deutschlands
11004389;Rosemann;Martin;20;Fraktion der Sozialdemokratischen Partei Deutschlands
11004390;Rüffer;Corinna;20;Fraktion BÜNDNIS 90/DIE GRÜNEN
11004392;Rützel;Bernd;20;Fraktion der Sozialdemokratischen Partei Deutschlands
11004393;Saathoff;Johann;20;Fraktion der Sozialdemokratischen Partei Deutschlands
11004395;Schauws;Ulle;20;Fraktion BÜNDNIS 90/DIE GRÜNEN
11004396;Scheer;Nina;20;Fraktion der Sozialdemokratischen Partei Deutschlands
11004397;Schiefner;Udo;20;Fraktion der Sozialdemokratischen Partei Deutschlands
11004398;Schimke;Jana;20;Fraktion der Christlich Demokratischen Union/Christlich - Sozialen Union
11004401;Schmidt;Dagmar;20;Fraktion der Sozialdemokratischen Partei Deutschlands
11004405;Schulz-Asche;Kordula;20;Fraktion BÜNDNIS 90/DIE GRÜNEN
11004407;Schwarz;Andreas;20;Fraktion der Sozialdemokratischen Partei Deutschlands
11004409;Sorge;Tino;20;Fraktion der Christlich Demokratischen Union/Christlich - Sozialen Union
11004412;Stadler;Svenja;20;Fraktion der Sozialdemokratischen Partei Deutschlands
11004413;Stamm-Fibich;Martina;20;Fraktion der Sozialdemokratischen Partei Deutschlands
11004414;Stefinger;Wolfgang;20;Fraktion der Christlich Demokratischen Union/Christlich - Sozialen Union
11004415;Stegemann;Albert;20;Fraktion der Christlich Demokratischen Union/Christlich - Sozialen Union
11004418;Steiniger;Johannes;20;Fraktion der Christlich Demokratischen Union/Christlich - Sozialen Union
11004423;Tausend;Claudia;20;Fraktion der Sozialdemokratischen Partei Deutschlands
11004424;Thews;Michael;20;Fraktion der Sozialdemokratischen Partei Deutschlands
11004425;Timmermann-Fechter;Astrid;20;Fraktion der Christlich Demokratischen Union/Christlich - Sozialen Union
11004426;Träger;Carsten;20;Fraktion der Sozialdemokratischen Partei Deutschlands
11004427;Ullrich;Volker;20;Fraktion der Christlich Demokratischen Union/Christlich - Sozialen Union
11004429;Verlinden;Julia;20;Fraktion BÜNDNIS 90/DIE GRÜNEN
11004433;Vöpel;Dirk;20;Fraktion der Sozialdemokratischen Partei Deutschlands
11004437;Warken;Nina;20;Fraktion der Christlich Demokratischen Union/Christlich - Sozialen Union
11004440;Weisgerber;Anja;20;Fraktion der Christlich Demokratischen Union/Christlich - Sozialen Union
11004442;Westphal;Bernd;20;Fraktion der Sozialdemokratischen Partei Deutschlands
11004443;Whittaker;Kai;20;Fraktion der Christlich Demokratischen Union/Christlich - Sozialen Union
11004444;Wiese;Dirk;20;Fraktion der Sozialdemokratischen Partei Deutschlands
11004448;Yüksel;Gülistan;20;Fraktion der Sozialdemokratischen Partei Deutschlands
11004452;Zeulner;Emmi;20;Fraktion der Christlich Demokratischen Union/Christlich - Sozialen Union
11004453;Zierke;Stefan;20;Fraktion der Sozialdemokratischen Partei Deutschlands
11004603;Zimmermann;Jens;20;Fraktion der Sozialdemokratischen Partei Deutschlands
11004605;Petry;Christian;20;Fraktion der Sozialdemokratischen Partei Deutschlands
11004614;Glöckner;Angelika;20;Fraktion der Sozialdemokratischen Partei Deutschlands
11004617;Kemmer;Ronja;20;Fraktion der Christlich Demokratischen Union/Christlich - Sozialen Union
11004622;Ryglewski;Sarah;20;Fraktion der Sozialdemokratischen Partei Deutschlands
11004639;Coße;Jürgen;20;Fraktion der Sozialdemokratischen Partei Deutschlands
11004645;Uhl;Markus;20;Fraktion der Christlich Demokratischen Union/Christlich - Sozialen Union
11004653;Akbulut;Gökay;20;Fraktion DIE LINKE.
11004654;Alt;Renata;20;Fraktion der Freien Demokratischen Partei
11004655;Altenkamp;Norbert Maria;20;Fraktion der Christlich Demokratischen Union/Christlich - Sozialen Union
11004656;Amthor;Philipp;20;Fraktion der Christlich Demokratischen Union/Christlich - Sozialen Union
11004659;Badum;Lisa;20;Fraktion BÜNDNIS 90/DIE GRÜNEN
11004661;Bauer;Nicole;20;Fraktion der Freien Demokratischen Partei
11004662;Baumann;Bernd;20;Alternative für Deutschland
11004665;Bayram;Canan;20;Fraktion BÜNDNIS 90/DIE GRÜNEN
11004666;Beeck;Jens;20;Fraktion der Freien Demokratischen Partei
11004667;In der Beek;Olaf;20;Fraktion der Freien Demokratischen Partei
11004669;Bernhard;Marc;20;Alternative für Deutschland
11004673;Biadacz;Marc;20;Fraktion der Christlich Demokratischen Union/Christlich - Sozialen Union
11004674;Bleck;Andreas;20;Alternative für Deutschland
11004675;Boehringer;Peter;20;Alternative für Deutschland
11004676;Brandenburg;Jens;20;Fraktion der Freien Demokratischen Partei
11004677;Brandenburg;Mario;20;Fraktion der Freien Demokratischen Partei
11004678;Brandner;Stephan;20;Alternative für Deutschland
11004680;Braun;Jürgen;20;Alternative für Deutschland
11004681;Breher;Silvia;20;Fraktion der Christlich Demokratischen Union/Christlich - Sozialen Union
11004682;Brehm;Sebastian;20;Fraktion der Christlich Demokratischen Union/Christlich - Sozialen Union
11004683;Breymaier;Leni;20;Fraktion der Sozialdemokratischen Partei Deutschlands
11004684;Brodesser;Carsten;20;Fraktion der Christlich Demokratischen Union/Christlich - Sozialen Union
11004686;Budde;Katrin;20;Fraktion der Sozialdemokratischen Partei Deutschlands
11004687;Bühl;Marcus;20;Alternative für Deutschland
11004690;Busen;Karlheinz;20;Fraktion der Freien Demokratischen Partei
11004692;Bystron;Petr;20;Alternative für Deutschland
11004694;Christmann;Anna;20;Fraktion BÜNDNIS 90/DIE GRÜNEN
11004695;Chrupalla;Tino;20;Alternative für Deutschland
11004696;Cotar;Joana;20;Alternative für Deutschland
11004697;Cronenberg;Carl-Julius;20;Fraktion der Freien Demokratischen Partei
11004698;Curio;Gottfried;20;Alternative für Deutschland
11004699;Damerow;Astrid;20;Fraktion der Christlich Demokratischen Union/Christlich - Sozialen Union
11004701;Dilcher;Esther;20;Fraktion der Sozialdemokratischen Partei Deutschlands
11004703;Domscheit-Berg;Anke;20;Fraktion DIE LINKE.
11004705;Dürr;Christian;20;Fraktion der Freien Demokratischen Partei
11004707;Ehrhorn;Thomas;20;Alternative für Deutschland
11004709;Erndl;Thomas;20;Fraktion der Christlich Demokratischen Union/Christlich - Sozialen Union
11004710;Esdar;Wiebke;20;Fraktion der Sozialdemokratischen Partei Deutschlands
11004711;Espendiller;Michael;20;Alternative für Deutschland
11004712;Faber;Marcus;20;Fraktion der Freien Demokratischen Partei
11004713;Fahimi;Yasmin;20;Fraktion der Sozialdemokratischen Partei Deutschlands
11004714;Felser;Peter;20;Alternative für Deutschland
11004715;Ferschl;Susanne;20;Fraktion DIE LINKE.
11004716;Föst;Daniel;20;Fraktion der Freien Demokratischen Partei
11004719;Friedhoff;Dietmar;20;Alternative für Deutschland
11004721;Frohnmaier;Markus;20;Alternative für Deutschland
11004722;Frömming;Götz;20;Alternative für Deutschland
11004724;Gauland;Alexander;20;Alternative für Deutschland
11004726;Gelbhaar;Stefan;20;Fraktion BÜNDNIS 90/DIE GRÜNEN
11004727;Glaser;Albrecht;20;Alternative für Deutschland
11004731;Gottschalk;Kay;20;Alternative für Deutschland
11004732;Gremmels;Timon;20;Fraktion der Sozialdemokratischen Partei Deutschlands
11004733;Grundl;Erhard;20;Fraktion BÜNDNIS 90/DIE GRÜNEN
11004734;Hacker;Thomas;20;Fraktion der Freien Demokratischen Partei
11004736;Harder-Kühnel;Mariana Iris;20;Alternative für Deutschland
11004739;Haug;Jochen;20;Alternative für Deutschland
11004741;Heilmann;Thomas;20;Fraktion der Christlich Demokratischen Union/Christlich - Sozialen Union
11004742;Helling-Plahr;Katrin;20;Fraktion der Freien Demokratischen Partei
11004744;Henrichmann;Marc;20;Fraktion der Christlich Demokratischen Union/Christlich - Sozialen Union
11004745;Herbrand;Markus;20;Fraktion der Freien Demokratischen Partei
11004746;Herbst;Torsten;20;Fraktion der Freien Demokratischen Partei
11004749;Hess;Martin;20;Alternative für Deutschland
11004750;Hessel;Katja;20;Fraktion der Freien Demokratischen Partei
11004752;Hilse;Karsten;20;Alternative für Deutschland
11004753;Höchst;Nicole;20;Alternative für Deutschland
11004754;Hocker;Gero Clemens;20;Fraktion der Freien Demokratischen Partei
11004756;Hoffmann;Bettina;20;Fraktion BÜNDNIS 90/DIE GRÜNEN
11004757;Hoffmann;Christoph;20;Fraktion der Freien Demokratischen Partei
11004761;Holm;Leif-Erik;20;Alternative für Deutschland
11004763;Houben;Reinhard;20;Fraktion der Freien Demokratischen Partei
11004764;Huber;Johannes;20;Alternative für Deutschland
11004767;Jacobi;Fabian;20;Alternative für Deutschland
11004768;Jongen;Marc;20;Alternative für Deutschland
11004770;Jung;Ingmar;20;Fraktion der Christlich Demokratischen Union/Christlich - Sozialen Union
11004771;Kaiser;Elisabeth;20;Fraktion der Sozialdemokratischen Partei Deutschlands
11004773;Kappert-Gonther;Kirsten;20;Fraktion BÜNDNIS 90/DIE GRÜNEN
11004778;Keuter;Stefan;20;Alternative für Deutschland
11004779;Kießling;Michael;20;Fraktion der Christlich Demokratischen Union/Christlich - Sozialen Union
11004780;Klein;Karsten;20;Fraktion der Freien Demokratischen Partei
11004781;Kleinwächter;Norbert;20;Alternative für Deutschland
11004784;Kluckert;Daniela;20;Fraktion der Freien Demokratischen Partei
11004786;Köhler;Lukas;20;Fraktion der Freien Demokratischen Partei
11004787;Komning;Enrico;20;Alternative für Deutschland
11004788;König;Jörn;20;Alternative für Deutschland
11004789;Konrad;Carina;20;Fraktion der Freien Demokratischen Partei
11004791;Kotré;Steffen;20;Alternative für Deutschland
11004792;Kraft;Rainer;20;Alternative für Deutschland
11004796;Kuhle;Konstantin;20;Fraktion der Freien Demokratischen Partei
11004798;Lambsdorff;Alexander;20;Fraktion der Freien Demokratischen Partei
11004799;Lechte;Ulrich;20;Fraktion der Freien Demokratischen Partei
11004800;Lehmann;Jens;20;Fraktion der Christlich Demokratischen Union/Christlich - Sozialen Union
11004801;Lehmann;Sven;20;Fraktion BÜNDNIS 90/DIE GRÜNEN
11004802;Lindh;Helge;20;Fraktion der Sozialdemokratischen Partei Deutschlands
11004806;Loos;Bernhard;20;Fraktion der Christlich Demokratischen Union/Christlich - Sozialen Union
11004807;Lucassen;Rüdiger;20;Alternative für Deutschland
11004809;Maas;Heiko;20;Fraktion der Sozialdemokratischen Partei Deutschlands
11004815;Mansmann;Till;20;Fraktion der Freien Demokratischen Partei
11004819;Meiser;Pascal;20;Fraktion DIE LINKE.
11004820;Meyer;Christoph;20;Fraktion der Freien Demokratischen Partei
11004821;Miazga;Corinna;20;Alternative für Deutschland
11004823;Mohamed Ali;Amira;20;Fraktion DIE LINKE.
11004824;Mohrs;Falko;20;Fraktion der Sozialdemokratischen Partei Deutschlands
11004825;Moll;Claudia;20;Fraktion der Sozialdemokratischen Partei Deutschlands
11004826;Möller;Siemtje;20;Fraktion der Sozialdemokratischen Partei Deutschlands
11004828;Müller;Alexander;20;Fraktion der Freien Demokratischen Partei
11004829;Müller;Axel;20;Fraktion der Christlich Demokratischen Union/Christlich - Sozialen Union
11004830;Müller;Claudia;20;Fraktion BÜNDNIS 90/DIE GRÜNEN
11004832;Müller;Sepp;20;Fraktion der Christlich Demokratischen Union/Christlich - Sozialen Union
11004834;Müller-Rosentritt;Frank;20;Fraktion der Freien Demokratischen Partei
11004836;Münzenmaier;Sebastian;20;Alternative für Deutschland
11004837;Nastic;Zaklin;20;Fraktion DIE LINKE.
11004841;Nicolaisen;Petra;20;Fraktion der Christlich Demokratischen Union/Christlich - Sozialen Union
11004842;Nolte;Jan Ralf;20;Alternative für Deutschland
11004844;Ortleb;Josephine;20;Fraktion der Sozialdemokratischen Partei Deutschlands
11004845;Oster;Josef;20;Fraktion der Christlich Demokratischen Union/Christlich - Sozialen Union
11004846;Otten;Gerold;20;Alternative für Deutschland
11004848;Pellmann;Sören;20;Fraktion DIE LINKE.
11004849;Perli;Victor;20;Fraktion DIE LINKE.
11004850;Peterka;Tobias Matthias;20;Alternative für Deutschland
11004853;Pilsinger;Stephan;20;Fraktion der Christlich Demokratischen Union/Christlich - Sozialen Union
11004854;Ploß;Christoph;20;Fraktion der Christlich Demokratischen Union/Christlich - Sozialen Union
11004856;Pohl;Jürgen;20;Alternative für Deutschland
11004857;Polat;Filiz;20;Fraktion BÜNDNIS 90/DIE GRÜNEN
11004858;Protschka;Stephan;20;Alternative für Deutschland
11004859;Reichardt;Martin;20;Alternative für Deutschland
11004862;Renner;Martin Erwin;20;Alternative für Deutschland
11004864;Reuther;Bernd;20;Fraktion der Freien Demokratischen Partei
11004865;Riexinger;Bernd;20;Fraktion DIE LINKE.
11004866;Rottmann;Manuela;20;Fraktion BÜNDNIS 90/DIE GRÜNEN
11004867;Rouenhoff;Stefan;20;Fraktion der Christlich Demokratischen Union/Christlich - Sozialen Union
11004869;Sattelberger;Thomas;20;Fraktion der Freien Demokratischen Partei
11004871;Sauter;Christian;20;Fraktion der Freien Demokratischen Partei
11004873;Schielke-Ziesing;Ulrike;20;Alternative für Deutschland
11004876;Schmid;Nils;20;Fraktion der Sozialdemokratischen Partei Deutschlands
11004877;Schmidt;Stefan;20;Fraktion BÜNDNIS 90/DIE GRÜNEN
11004878;Schmidt;Uwe;20;Fraktion der Sozialdemokratischen Partei Deutschlands
11004880;Schneider;Jörg;20;Alternative für Deutschland
11004881;Schraps;Johannes;20;Fraktion der Sozialdemokratischen Partei Deutschlands
11004883;Schreiner;Felix;20;Fraktion der Christlich Demokratischen Union/Christlich - Sozialen Union
11004884;Schrodi;Michael;20;Fraktion der Sozialdemokratischen Partei Deutschlands
11004888;Schulz;Uwe;20;Alternative für Deutschland
11004890;Seestern-Pauly;Matthias;20;Fraktion der Freien Demokratischen Partei
11004891;Seitz;Thomas;20;Alternative für Deutschland
11004892;Sichert;Martin;20;Alternative für Deutschland
11004893;Simon;Björn;20;Fraktion der Christlich Demokratischen Union/Christlich - Sozialen Union
11004899;Spaniel;Dirk;20;Alternative für Deutschland
11004900;Springer;René;20;Alternative für Deutschland
11004901;Staffler;Katrin;20;Fraktion der Christlich Demokratischen Union/Christlich - Sozialen Union
11004902;Stark-Watzinger;Bettina;20;Fraktion der Freien Demokratischen Partei
11004904;Stein;Mathias;20;Fraktion der Sozialdemokratischen Partei Deutschlands
11004905;Storch;Beatrix;20;Alternative für Deutschland
11004906;Strack-Zimmermann;Marie-Agnes;20;Fraktion der Freien Demokratischen Partei
11004908;Strasser;Benjamin;20;Fraktion der Freien Demokratischen Partei
11004911;Tatti;Jessica;20;Fraktion DIE LINKE.
11004912;Tebroke;Hermann-Josef;20;Fraktion der Christlich Demokratischen Union/Christlich - Sozialen Union
11004913;Teuteberg;Linda;20;Fraktion der Freien Demokratischen Partei
11004914;Theurer;Michael;20;Fraktion der Freien Demokratischen Partei
11004915;Thies;Hans-Jürgen;20;Fraktion der Christlich Demokratischen Union/Christlich - Sozialen Union
11004917;Throm;Alexander;20;Fraktion der Christlich Demokratischen Union/Christlich - Sozialen Union
11004921;Töns;Markus;20;Fraktion der Sozialdemokratischen Partei Deutschlands
11004922;Ullmann;Andrew;20;Fraktion der Freien Demokratischen Partei
11004923;Ullrich;Gerald;20;Fraktion der Freien Demokratischen Partei
11004924;Vieregge;Kerstin;20;Fraktion der Christlich Demokratischen Union/Christlich - Sozialen Union
11004926;Vries;Christoph;20;Fraktion der Christlich Demokratischen Union/Christlich - Sozialen Union
11004929;Weeser;Sandra;20;Fraktion der Freien Demokratischen Partei
11004930;Weidel;Alice;20;Alternative für Deutschland
11004931;Westig;Nicole;20;Fraktion der Freien Demokratischen Partei
11004932;Weyel;Harald;20;Alternative für Deutschland
11004933;Wiehle;Wolfgang;20;Alternative für Deutschland
11004936;Wirth;Christian;20;Alternative für Deutschland
11004937;Witt;Uwe;20;Alternative für Deutschland
11004938;Ziemiak;Paul;20;Fraktion der Christlich Demokratischen Union/Christlich - Sozialen Union
11004941;Jensen;Gyde;20;Fraktion der Freien Demokratischen Partei
11004942;Völlers;Marja-Liisa;20;Fraktion der Sozialdemokratischen Partei Deutschlands
11004947;Baradari;Nezahat;20;Fraktion der Sozialdemokratischen Partei Deutschlands
11004948;Heidt;Peter;20;Fraktion der Freien Demokratischen Partei
11004949;Mackensen-Geis;Isabel;20;Fraktion der Sozialdemokratischen Partei Deutschlands
11004950;Weingarten;Joe;20;Fraktion der Sozialdemokratischen Partei Deutschlands
11004952;Hanke;Reginald;20;Fraktion der Freien Demokratischen Partei
11004953;Lehmann;Sylvia;20;Fraktion der Sozialdemokratischen Partei Deutschlands
11004956;Bubendorfer-Licht;Sandra;20;Fraktion der Freien Demokratischen Partei
11004959;Martin;Dorothee;20;Fraktion der Sozialdemokratischen Partei Deutschlands
11004962;Dahmen;Janosch;20;Fraktion BÜNDNIS 90/DIE GRÜNEN
11004969;Emmerich;Marcel;20;Fraktion BÜNDNIS 90/DIE GRÜNEN
11005000;Abdi;Sanae;20;Fraktion der Sozialdemokratischen Partei Deutschlands
11005001;Abel;Valentin;20;Fraktion der Freien Demokratischen Partei
11005002;Abraham;Knut;20;Fraktion der Christlich Demokratischen Union/Christlich - Sozialen Union
11005003;Adler;Katja;20;Fraktion der Freien Demokratischen Partei
11005004;Aeffner;Stephanie;20;Fraktion BÜNDNIS 90/DIE GRÜNEN
11005005;Ahmetovic;Adis;20;Fraktion der Sozialdemokratischen Partei Deutschlands
11005006;Alabali-Radovan;Reem;20;Fraktion der Sozialdemokratischen Partei Deutschlands
11005007;Al-Dailami;Ali;20;Fraktion DIE LINKE.
11005008;Al-Halak;Muhanad;20;Fraktion der Freien Demokratischen Partei
11005009;Andres;Dagmar;20;Fraktion der Sozialdemokratischen Partei Deutschlands
11005010;Arlt;Johannes;20;Fraktion der Sozialdemokratischen Partei Deutschlands
11005011;Audretsch;Andreas;20;Fraktion BÜNDNIS 90/DIE GRÜNEN
11005012;Außendorf;Maik;20;Fraktion BÜNDNIS 90/DIE GRÜNEN
11005013;Bacherle;Tobias;20;Fraktion BÜNDNIS 90/DIE GRÜNEN
11005014;Bachmann;Carolin;20;Alternative für Deutschland
11005015;Baldy;Daniel;20;Fraktion der Sozialdemokratischen Partei Deutschlands
11005016;Banaszak;Felix;20;Fraktion BÜNDNIS 90/DIE GRÜNEN
11005017;Bär;Karl;20;Fraktion BÜNDNIS 90/DIE GRÜNEN
11005018;Baum;Christina;20;Alternative für Deutschland
11005019;Beck;Katharina;20;Fraktion BÜNDNIS 90/DIE GRÜNEN
11005020;Beckamp;Roger;20;Alternative für Deutschland
11005021;Becker;Holger;20;Fraktion der Sozialdemokratischen Partei Deutschlands
11005022;Benner;Lukas;20;Fraktion BÜNDNIS 90/DIE GRÜNEN
11005023;Berghahn;Jürgen;20;Fraktion der Sozialdemokratischen Partei Deutschlands
11005024;Bergt;Bengt;20;Fraktion der Sozialdemokratischen Partei Deutschlands
11005025;Blankenburg;Jakob;20;Fraktion der Sozialdemokratischen Partei Deutschlands
11005026;Bochmann;René;20;Alternative für Deutschland
11005027;Bodtke;Ingo;20;Fraktion der Freien Demokratischen Partei
11005028;Boginski;Friedhelm;20;Fraktion der Freien Demokratischen Partei
11005029;Bollmann;Gereon;20;Alternative für Deutschland
11005030;Borchardt;Simone;20;Fraktion der Christlich Demokratischen Union/Christlich - Sozialen Union
11005031;Brandes;Dirk;20;Alternative für Deutschland
11005032;Breilmann;Michael;20;Fraktion der Christlich Demokratischen Union/Christlich - Sozialen Union
11005033;Bröhr;Marlon;20;Fraktion der Christlich Demokratischen Union/Christlich - Sozialen Union
11005034;Bsirske;Frank;20;Fraktion BÜNDNIS 90/DIE GRÜNEN
11005035;Bury;Yannick;20;Fraktion der Christlich Demokratischen Union/Christlich - Sozialen Union
11005036;Cademartori Dujisin;Isabel;20;Fraktion der Sozialdemokratischen Partei Deutschlands
11005037;Czaja;Mario;20;Fraktion der Christlich Demokratischen Union/Christlich - Sozialen Union
11005038;Demir;Hakan;20;Fraktion der Sozialdemokratischen Partei Deutschlands
11005039;Detzer;Sandra;20;Fraktion BÜNDNIS 90/DIE GRÜNEN
11005040;Diedenhofen;Martin;20;Fraktion der Sozialdemokratischen Partei Deutschlands
11005041;Dieren;Jan;20;Fraktion der Sozialdemokratischen Partei Deutschlands
11005042;Dietz;Thomas;20;Alternative für Deutschland
11005043;Döring;Felix;20;Fraktion der Sozialdemokratischen Partei Deutschlands
11005044;Droßmann;Falko;20;Fraktion der Sozialdemokratischen Partei Deutschlands
11005045;Düring;Deborah;20;Fraktion BÜNDNIS 90/DIE GRÜNEN
11005046;Echeverria;Axel;20;Fraktion der Sozialdemokratischen Partei Deutschlands
11005047;Eckert;Leon;20;Fraktion BÜNDNIS 90/DIE GRÜNEN
11005048;Edelhäußer;Ralph;20;Fraktion der Christlich Demokratischen Union/Christlich - Sozialen Union
11005049;Eichwede;Sonja;20;Fraktion der Sozialdemokratischen Partei Deutschlands
11005050;Engelhard;Alexander;20;Fraktion der Christlich Demokratischen Union/Christlich - Sozialen Union
11005051;Engelhardt;Heike;20;Fraktion der Sozialdemokratischen Partei Deutschlands
11005052;Englhardt-Kopf;Martina;20;Fraktion der Christlich Demokratischen Union/Christlich - Sozialen Union
11005053;Farle;Robert;20;Alternative für Deutschland
11005054;Fäscher;Ariane;20;Fraktion der Sozialdemokratischen Partei Deutschlands
11005055;Fester;Emilia;20;Fraktion BÜNDNIS 90/DIE GRÜNEN
11005056;Fiedler;Sebastian;20;Fraktion der Sozialdemokratischen Partei Deutschlands
11005057;Funke;Fabian;20;Fraktion der Sozialdemokratischen Partei Deutschlands
11005058;Funke-Kaiser;Maximilian;20;Fraktion der Freien Demokratischen Partei
11005059;Gambir;Schahina;20;Fraktion BÜNDNIS 90/DIE GRÜNEN
11005060;Ganserer;Tessa;20;Fraktion BÜNDNIS 90/DIE GRÜNEN
11005061;Gassner-Herz;Martin;20;Fraktion der Freien Demokratischen Partei
11005062;Gava;Manuel;20;Fraktion der Sozialdemokratischen Partei Deutschlands
11005063;Geissler;Jonas;20;Fraktion der Christlich Demokratischen Union/Christlich - Sozialen Union
11005064;Gerschau;Knut;20;Fraktion der Freien Demokratischen Partei
11005065;Gesenhues;Jan-Niclas;20;Fraktion BÜNDNIS 90/DIE GRÜNEN
11005066;Gnauck;Hannes;20;Alternative für Deutschland
11005067;Görke;Christian;20;Fraktion DIE LINKE.
11005068;Gramling;Fabian;20;Fraktion der Christlich Demokratischen Union/Christlich - Sozialen Union
11005069;Gräßle;Ingeborg;20;Fraktion der Christlich Demokratischen Union/Christlich - Sozialen Union
11005070;Grau;Armin;20;Fraktion BÜNDNIS 90/DIE GRÜNEN
11005071;Grützmacher;Sabine;20;Fraktion BÜNDNIS 90/DIE GRÜNEN
11005072;Güler;Serap;20;Fraktion der Christlich Demokratischen Union/Christlich - Sozialen Union
11005073;Gürpinar;Ates;20;Fraktion DIE LINKE.
11005074;Habeck;Robert;20;Fraktion BÜNDNIS 90/DIE GRÜNEN
11005075;Hartewig;Philipp;20;Fraktion der Freien Demokratischen Partei
11005076;Harzer;Ulrike;20;Fraktion der Freien Demokratischen Partei
11005077;Heiligenstadt;Frauke;20;Fraktion der Sozialdemokratischen Partei Deutschlands
11005078;Heitmann;Linda;20;Fraktion BÜNDNIS 90/DIE GRÜNEN
11005079;Helferich;Matthias;20;Fraktionslos
11005080;Henneberger;Kathrin;20;Fraktion BÜNDNIS 90/DIE GRÜNEN
11005081;Hennig;Anke;20;Fraktion der Sozialdemokratischen Partei Deutschlands
11005082;Hennig-Wellsow;Susanne;20;Fraktion DIE LINKE.
11005083;Herrmann;Bernhard;20;Fraktion BÜNDNIS 90/DIE GRÜNEN
11005084;Heselhaus;Nadine;20;Fraktion der Sozialdemokratischen Partei Deutschlands
11005085;Hierl;Susanne;20;Fraktion der Christlich Demokratischen Union/Christlich - Sozialen Union
11005086;Hönel;Bruno;20;Fraktion BÜNDNIS 90/DIE GRÜNEN
11005087;Hoppermann;Franziska;20;Fraktion der Christlich Demokratischen Union/Christlich - Sozialen Union
11005088;Hostert;Jasmina;20;Fraktion der Sozialdemokratischen Partei Deutschlands
11005089;Hubertz;Verena;20;Fraktion der Sozialdemokratischen Partei Deutschlands
11005090;Hümpfer;Markus;20;Fraktion der Sozialdemokratischen Partei Deutschlands
11005091;Huy;Gerrit;20;Alternative für Deutschland
11005092;Janich;Steffen;20;Alternative für Deutschland
11005093;Janssen;Anne;20;Fraktion der Christlich Demokratischen Union/Christlich - Sozialen Union
11005094;Jurisch;Ann-Veruschka;20;Fraktion der Freien Demokratischen Partei
11005095;Kaddor;Lamya;20;Fraktion BÜNDNIS 90/DIE GRÜNEN
11005096;Karaahmetoğlu;Macit;20;Fraktion der Sozialdemokratischen Partei Deutschlands
11005097;Kasper;Carlos;20;Fraktion der Sozialdemokratischen Partei Deutschlands
11005098;Kassautzki;Anna;20;Fraktion der Sozialdemokratischen Partei Deutschlands
11005099;Kaufmann;Malte;20;Alternative für Deutschland
11005100;Kaufmann;Michael;20;Alternative für Deutschland
11005101;Keller;Rainer Johannes;20;Fraktion der Sozialdemokratischen Partei Deutschlands
11005102;Kellner;Michael;20;Fraktion BÜNDNIS 90/DIE GRÜNEN
11005103;Kersten;Franziska;20;Fraktion der Sozialdemokratischen Partei Deutschlands
11005104;Khan;Misbah;20;Fraktion BÜNDNIS 90/DIE GRÜNEN
11005105;Kleebank;Helmut;20;Fraktion der Sozialdemokratischen Partei Deutschlands
11005106;Klein;Ottilie;20;Fraktion der Christlich Demokratischen Union/Christlich - Sozialen Union
11005107;Klinck;Kristian;20;Fraktion der Sozialdemokratischen Partei Deutschlands
11005108;Klose;Annika;20;Fraktion der Sozialdemokratischen Partei Deutschlands
11005109;Klüssendorf;Tim;20;Fraktion der Sozialdemokratischen Partei Deutschlands
11005110;König;Anne;20;Fraktion der Christlich Demokratischen Union/Christlich - Sozialen Union
11005111;Kopf;Chantal;20;Fraktion BÜNDNIS 90/DIE GRÜNEN
11005112;Koß;Simona;20;Fraktion der Sozialdemokratischen Partei Deutschlands
11005113;Kraft;Laura;20;Fraktion BÜNDNIS 90/DIE GRÜNEN
11005114;Krämer;Philip;20;Fraktion BÜNDNIS 90/DIE GRÜNEN
11005115;Kreiser;Dunja;20;Fraktion der Sozialdemokratischen Partei Deutschlands
11005116;Kröber;Martin;20;Fraktion der Sozialdemokratischen Partei Deutschlands
11005117;Kruse;Michael;20;Fraktion der Freien Demokratischen Partei
11005118;Kuban;Tilman;20;Fraktion der Christlich Demokratischen Union/Christlich - Sozialen Union
11005119;Kühnert;Kevin;20;Fraktion der Sozialdemokratischen Partei Deutschlands
11005120;Lahrkamp;Sarah;20;Fraktion der Sozialdemokratischen Partei Deutschlands
11005121;Lang;Ricarda;20;Fraktion BÜNDNIS 90/DIE GRÜNEN
11005122;Larem;Andreas;20;Fraktion der Sozialdemokratischen Partei Deutschlands
11005123;Latendorf;Ina;20;Fraktion DIE LINKE.
11005124;Leiser;Kevin;20;Fraktion der Sozialdemokratischen Partei Deutschlands
11005125;Lenders;Jürgen;20;Fraktion der Freien Demokratischen Partei
11005126;Lenk;Barbara;20;Alternative für Deutschland
11005127;Leye;Christian;20;Fraktion DIE LINKE.
11005128;Licina-Bode;Luiza;20;Fraktion der Sozialdemokratischen Partei Deutschlands
11005129;Lieb;Thorsten;20;Fraktion der Freien Demokratischen Partei
11005130;Liebert;Anja;20;Fraktion BÜNDNIS 90/DIE GRÜNEN
11005131;Limbacher;Esra;20;Fraktion der Sozialdemokratischen Partei Deutschlands
11005132;Limburg;Helge;20;Fraktion BÜNDNIS 90/DIE GRÜNEN
11005133;Loop;Denise;20;Fraktion BÜNDNIS 90/DIE GRÜNEN
11005134;Lucks;Max;20;Fraktion BÜNDNIS 90/DIE GRÜNEN
11005135;Lugk;Bettina;20;Fraktion der Sozialdemokratischen Partei Deutschlands
11005136;Lütke;Kristine;20;Fraktion der Freien Demokratischen Partei
11005137;Machalet;Tanja;20;Fraktion der Sozialdemokratischen Partei Deutschlands
11005138;Mack;Klaus;20;Fraktion der Christlich Demokratischen Union/Christlich - Sozialen Union
11005139;Malottki;Erik;20;Fraktion der Sozialdemokratischen Partei Deutschlands
11005140;Mann;Holger;20;Fraktion der Sozialdemokratischen Partei Deutschlands
11005141;Mansoori;Kaweh;20;Fraktion der Sozialdemokratischen Partei Deutschlands
11005142;Martens;Zanda;20;Fraktion der Sozialdemokratischen Partei Deutschlands
11005143;Marvi;Parsa;20;Fraktion der Sozialdemokratischen Partei Deutschlands
11005144;Mascheck;Franziska;20;Fraktion der Sozialdemokratischen Partei Deutschlands
11005145;Mayer;Zoe;20;Fraktion BÜNDNIS 90/DIE GRÜNEN
11005146;Mayer-Lay;Volker;20;Fraktion der Christlich Demokratischen Union/Christlich - Sozialen Union
11005147;Mehltretter;Andreas;20;Fraktion der Sozialdemokratischen Partei Deutschlands
11005148;Mehmet Ali;Takis;20;Fraktion der Sozialdemokratischen Partei Deutschlands
11005149;Menge;Susanne;20;Fraktion BÜNDNIS 90/DIE GRÜNEN
11005150;Merten;Anikó;20;Fraktion der Freien Demokratischen Partei
11005151;Mesarosch;Robin;20;Fraktion der Sozialdemokratischen Partei Deutschlands
11005152;Michaelsen;Swantje Henrike;20;Fraktion BÜNDNIS 90/DIE GRÜNEN
11005153;Michel;Kathrin;20;Fraktion der Sozialdemokratischen Partei Deutschlands
11005154;Mieves;Matthias David;20;Fraktion der Sozialdemokratischen Partei Deutschlands
11005155;Mijatović;Boris;20;Fraktion BÜNDNIS 90/DIE GRÜNEN
11005156;Moncsek;Mike;20;Alternative für Deutschland
11005157;Moosdorf;Matthias;20;Alternative für Deutschland
11005158;Mordhorst;Maximilian;20;Fraktion der Freien Demokratischen Partei
11005159;Mörseburg;Maximilian;20;Fraktion der Christlich Demokratischen Union/Christlich - Sozialen Union
11005160;Müller;Florian;20;Fraktion der Christlich Demokratischen Union/Christlich - Sozialen Union
11005161;Müller;Michael;20;Fraktion der Sozialdemokratischen Partei Deutschlands
11005162;Müller;Sascha;20;Fraktion BÜNDNIS 90/DIE GRÜNEN
11005163;Nacke;Stefan;20;Fraktion der Christlich Demokratischen Union/Christlich - Sozialen Union
11005164;Nanni;Sara;20;Fraktion BÜNDNIS 90/DIE GRÜNEN
11005165;Nasr;Rasha;20;Fraktion der Sozialdemokratischen Partei Deutschlands
11005166;Naujok;Edgar;20;Alternative für Deutschland
11005167;Nick;Ophelia;20;Fraktion BÜNDNIS 90/DIE GRÜNEN
11005168;Nickholz;Brian;20;Fraktion der Sozialdemokratischen Partei Deutschlands
11005169;Nürnberger;Jörg;20;Fraktion der Sozialdemokratischen Partei Deutschlands
11005170;Oehl;Lennard;20;Fraktion der Sozialdemokratischen Partei Deutschlands
11005171;Oppelt;Moritz;20;Fraktion der Christlich Demokratischen Union/Christlich - Sozialen Union
11005172;Otte;Karoline;20;Fraktion BÜNDNIS 90/DIE GRÜNEN
11005173;Pahlke;Julian;20;Fraktion BÜNDNIS 90/DIE GRÜNEN
11005174;Pantazis;Christos;20;Fraktion der Sozialdemokratischen Partei Deutschlands
11005175;Papenbrock;Wiebke;20;Fraktion der Sozialdemokratischen Partei Deutschlands
11005176;Papendieck;Mathias;20;Fraktion der Sozialdemokratischen Partei Deutschlands
11005177;Pawlik;Natalie;20;Fraktion der Sozialdemokratischen Partei Deutschlands
11005178;Peick;Jens;20;Fraktion der Sozialdemokratischen Partei Deutschlands
11005179;Philippi;Andreas;20;Fraktion der Sozialdemokratischen Partei Deutschlands
11005180;Piechotta;Paula;20;Fraktion BÜNDNIS 90/DIE GRÜNEN
11005181;Plobner;Jan;20;Fraktion der Sozialdemokratischen Partei Deutschlands
11005182;Plum;Martin;20;Fraktion der Christlich Demokratischen Union/Christlich - Sozialen Union
11005183;Redder;Volker;20;Fraktion der Freien Demokratischen Partei
11005184;Rehbaum;Henning;20;Fraktion der Christlich Demokratischen Union/Christlich - Sozialen Union
11005185;Reichel;Markus;20;Fraktion der Christlich Demokratischen Union/Christlich - Sozialen Union
11005186;Reichinnek;Heidi;20;Fraktion DIE LINKE.
11005187;Reinalter;Anja;20;Fraktion BÜNDNIS 90/DIE GRÜNEN
11005188;Rhie;Ye-One;20;Fraktion der Sozialdemokratischen Partei Deutschlands
11005189;Rinck;Frank;20;Alternative für Deutschland
11005190;Rohwer;Lars;20;Fraktion der Christlich Demokratischen Union/Christlich - Sozialen Union
11005191;Roloff;Sebastian;20;Fraktion der Sozialdemokratischen Partei Deutschlands
11005192;Rosenthal;Jessica;20;Fraktion der Sozialdemokratischen Partei Deutschlands
11005193;Röwekamp;Thomas;20;Fraktion der Christlich Demokratischen Union/Christlich - Sozialen Union
11005194;Rudolph;Thorsten;20;Fraktion der Sozialdemokratischen Partei Deutschlands
11005195;Rudolph;Tina;20;Fraktion der Sozialdemokratischen Partei Deutschlands
11005197;Taher Saleh;Kassem;20;Fraktion BÜNDNIS 90/DIE GRÜNEN
11005198;Santos Firnhaber;Catarina;20;Fraktion der Christlich Demokratischen Union/Christlich - Sozialen Union
11005199;Schäfer;Ingo;20;Fraktion der Sozialdemokratischen Partei Deutschlands
11005200;Schäfer;Jamila;20;Fraktion BÜNDNIS 90/DIE GRÜNEN
11005201;Schäfer;Sebastian;20;Fraktion BÜNDNIS 90/DIE GRÜNEN
11005202;Schamber;Rebecca;20;Fraktion der Sozialdemokratischen Partei Deutschlands
11005203;Schattner;Bernd;20;Alternative für Deutschland
11005204;Schätzl;Johannes;20;Fraktion der Sozialdemokratischen Partei Deutschlands
11005205;Schenderlein;Christiane;20;Fraktion der Christlich Demokratischen Union/Christlich - Sozialen Union
11005206;Schierenbeck;Peggy;20;Fraktion der Sozialdemokratischen Partei Deutschlands
11005207;Schisanowski;Timo;20;Fraktion der Sozialdemokratischen Partei Deutschlands
11005208;Schmid;Christoph;20;Fraktion der Sozialdemokratischen Partei Deutschlands
11005209;Schmidt;Eugen;20;Alternative für Deutschland
11005210;Schmidt;Jan Wenzel;20;Alternative für Deutschland
11005211;Schneider;Daniel;20;Fraktion der Sozialdemokratischen Partei Deutschlands
11005212;Schönberger;Marlene;20;Fraktion BÜNDNIS 90/DIE GRÜNEN
11005213;Schreider;Christian;20;Fraktion der Sozialdemokratischen Partei Deutschlands
11005214;Schröder;Christina-Johanne;20;Fraktion BÜNDNIS 90/DIE GRÜNEN
11005215;Schröder;Ria;20;Fraktion der Freien Demokratischen Partei
11005216;Schulz;Anja;20;Fraktion der Freien Demokratischen Partei
11005217;Schulze;Svenja;20;Fraktion der Sozialdemokratischen Partei Deutschlands
11005218;Schwarz;Armin;20;Fraktion der Christlich Demokratischen Union/Christlich - Sozialen Union
11005219;Seidler;Stefan;20;Fraktionslos
11005220;Seiter;Stephan;20;Fraktion der Freien Demokratischen Partei
11005221;Seitzl;Lina;20;Fraktion der Sozialdemokratischen Partei Deutschlands
11005222;Sekmen;Melis;20;Fraktion BÜNDNIS 90/DIE GRÜNEN
11005223;Semet;Rainer;20;Fraktion der Freien Demokratischen Partei
11005224;Slawik;Nyke;20;Fraktion BÜNDNIS 90/DIE GRÜNEN
11005225;Spallek;Anne Monika;20;Fraktion BÜNDNIS 90/DIE GRÜNEN
11005226;Spellerberg;Merle;20;Fraktion BÜNDNIS 90/DIE GRÜNEN
11005227;Stahr;Nina;20;Fraktion BÜNDNIS 90/DIE GRÜNEN
11005228;Steffen;Till;20;Fraktion BÜNDNIS 90/DIE GRÜNEN
11005229;Stegner;Ralf;20;Fraktion der Sozialdemokratischen Partei Deutschlands
11005230;Steinmüller;Hanna;20;Fraktion BÜNDNIS 90/DIE GRÜNEN
11005231;Sthamer;Nadja;20;Fraktion der Sozialdemokratischen Partei Deutschlands
11005232;Stöber;Klaus;20;Alternative für Deutschland
11005233;Stöcker;Diana;20;Fraktion der Christlich Demokratischen Union/Christlich - Sozialen Union
11005234;Stockmeier;Konrad;20;Fraktion der Freien Demokratischen Partei
11005235;Stumpp;Christina;20;Fraktion der Christlich Demokratischen Union/Christlich - Sozialen Union
11005236;Stüwe;Ruppert;20;Fraktion der Sozialdemokratischen Partei Deutschlands
11005237;Tesfaiesus;Awet;20;Fraktion BÜNDNIS 90/DIE GRÜNEN
11005238;Teutrine;Jens;20;Fraktion der Freien Demokratischen Partei
11005239;Tippelt;Nico;20;Fraktion der Freien Demokratischen Partei
11005240;Troff-Schaffarzyk;Anja;20;Fraktion der Sozialdemokratischen Partei Deutschlands
11005241;Türk-Nachbaur;Derya;20;Fraktion der Sozialdemokratischen Partei Deutschlands
11005242;Uhlig;Katrin;20;Fraktion BÜNDNIS 90/DIE GRÜNEN
11005243;Ullrich;Frank;20;Fraktion der Sozialdemokratischen Partei Deutschlands
11005244;Vogt;Oliver;20;Fraktion der Christlich Demokratischen Union/Christlich - Sozialen Union
11005245;Wagener;Niklas;20;Fraktion BÜNDNIS 90/DIE GRÜNEN
11005246;Wagener;Robin;20;Fraktion BÜNDNIS 90/DIE GRÜNEN
11005247;Wagner;Carolin;20;Fraktion der Sozialdemokratischen Partei Deutschlands
11005248;Wagner;Johannes;20;Fraktion BÜNDNIS 90/DIE GRÜNEN
11005249;Wallstein;Maja;20;Fraktion der Sozialdemokratischen Partei Deutschlands
11005250;Walter;Hannes;20;Fraktion der Sozialdemokratischen Partei Deutschlands
11005251;Wegge;Carmen;20;Fraktion der Sozialdemokratischen Partei Deutschlands
11005252;Wegling;Melanie;20;Fraktion der Sozialdemokratischen Partei Deutschlands
11005253;Weishaupt;Saskia;20;Fraktion BÜNDNIS 90/DIE GRÜNEN
11005254;Weiss;Maria-Lena;20;Fraktion der Christlich Demokratischen Union/Christlich - Sozialen Union
11005255;Wenzel;Stefan;20;Fraktion BÜNDNIS 90/DIE GRÜNEN
11005256;Werner;Lena;20;Fraktion der Sozialdemokratischen Partei Deutschlands
11005257;Wiener;Klaus;20;Fraktion der Christlich Demokratischen Union/Christlich - Sozialen Union
11005258;Winkler;Tobias;20;Fraktion der Christlich Demokratischen Union/Christlich - Sozialen Union
11005259;Winklmann;Tina;20;Fraktion BÜNDNIS 90/DIE GRÜNEN
11005260;Wissler;Janine;20;Fraktion DIE LINKE.
11005261;Wittmann;Mechthilde;20;Fraktion der Christlich Demokratischen Union/Christlich - Sozialen Union
11005262;Wollmann;Herbert;20;Fraktion der Sozialdemokratischen Partei Deutschlands
11005263;Wulf;Mareike Lotte;20;Fraktion der Christlich Demokratischen Union/Christlich - Sozialen Union
11005264;Wundrak;Joachim;20;Alternative für Deutschland
11005265;Ziegler;Kay-Uwe;20;Alternative für Deutschland
11005266;Zippelius;Nicolas;20;Fraktion der Christlich Demokratischen Union/Christlich - Sozialen Union
11005267;Zorn;Armand;20;Fraktion der Sozialdemokratischen Partei Deutschlands
11005268;Zschau;Katrin;20;Fraktion der Sozialdemokratischen Partei Deutschlands
11005273;Raffelhüschen;Claudia;20;Fraktion der Freien Demokratischen Partei
11005289;Bünger;Clara;20;Fraktion DIE LINKE.
